MEET,MNAME,START,END,AGEUP,SINCE,COURSE,REMARKS,INDCHARGE,RELCHARGE,SURCHARGE,TYPE,SANCTION,MaxIndEnt,MaxRelEnt,MaxEnt,Location,RestrictBest,NonConform,EnforceQualifying,EnterAtQTime,MinAge,FacilityFee,TeamFee,Instructions,Altitude,EnforceSlowQtime,BanNoTimes,Lanes,EvenOrOdd,FastToSlow,Masters,ActiveFeeXMLSent,MinAge10AndUnder,SeedLanes,DeadLine,ActiveMeetID,OnlyPreEntered,CustIndCharge,CustRelCharge,CustSurCharge,CustIndAction,CustRelAction,CustSurAction,UseCustomFees,Addr,Addr2,City,State,ZIP,Cntry,OMEEntryStyle,SwimmerEntryDeadLine,SwimmerEntryOpen,AllowCustomTimes,ExportEntriesDate,LastSyncDate,FinalizeEntriesDate,UseSwimmersTeam,HonorInviteList,EntryTeam,EMailFrom,EMailSubject,EMailText,EntryEMailFrom,EntryEMailSubject,EntryEMailText,OMEBillDate,InviteEmailDate,CollectFeesOnline,OMEValidated,OMECustomTeam,OMEFilterTeam,OMENeedSync,License,OMENeedsSync,MeetSharingStatus,FileExportType,MeetRegistrationOpens,MeetRegistrationCloses,MeetSharingMeetID,MeetSharingPayStatus,MeetSharingResultDate,EV3Version
114,"SST vs FCS, Wakefield, WoL","12/02/05 00:00:00","12/02/05 00:00:00",,,"Y",,0,0,0,,,0,0,4,"Regency Park Sports Center, Fredericksburg",0,0,0,0,0,,,,,0,0,,,0,0,0,,,,,0,,,,,,,0,,,,,,,,,,0,,,,0,0,,,,,,,,,,0,0,0,,0,,0,,,,,,,,
115,"SST vs North Stafford","12/10/05 00:00:00","12/10/05 00:00:00",,,"Y",,0,0,0,,,0,0,0,"Freedom Aquatic and Fitness Center",0,0,0,0,0,,,,,0,0,,,0,0,0,,,,,0,,,,,,,0,,,,,,,,,,0,,,,0,0,,,,,,,,,,0,0,0,,0,,0,,,,,,,,
116,"VSIS 2006 State Championship","02/17/06 00:00:00","02/18/06 00:00:00","02/17/06 00:00:00",,"Y",,0,0,0,,,,,,"Carl Smith Aquatic Center",0,0,0,0,0,0,0,,0,0,0,,,0,0,0,,,,,0,,,,,,,0,,,,,,,,,,0,,,,0,0,,,,,,,,,,0,0,0,,0,,0,,,,,,,,
117,"SST vs COOL, TES","12/17/05 00:00:00","12/17/05 00:00:00",,,"Y",,0,0,0,,,0,0,0,"Freedom Aquatic and Fitness Center",0,0,0,0,0,,,,,0,0,,,0,0,0,,,,,0,,,,,,,0,,,,,,,,,,0,,,,0,0,,,,,,,,,,0,0,0,,0,,0,,,,,,,,
118,"2006 National Catholic Championship","01/28/06 00:00:00","01/29/06 00:00:00",,,"Y",,0,0,0,,,0,0,0,"Villanova University",0,0,0,0,0,,,,,0,0,,,0,0,0,,,,,0,,,,,,,0,,,,,,,,,,0,,,,0,0,,,,,,,,,,0,0,0,,0,,0,,,,,,,,
119,"SST vs. Paul VI High School","01/06/06 00:00:00","01/06/06 00:00:00",,,"Y",,0,0,0,,,0,0,0,"Dale City Recreation Center",0,0,0,0,0,,,,,0,0,,,0,0,0,,,,,0,,,,,,,0,,,,,,,,,,0,,,,0,0,,,,,,,,,,0,0,0,,0,,0,,,,,,,,
120,"SST vs FA, FCS, RMA","01/07/06 00:00:00","01/07/06 00:00:00",,,"Y",,0,0,0,,,0,0,0,"Freedom Aquatic and Fitness Center",0,0,0,0,0,,,,,0,0,,,0,0,0,,,,,0,,,,,,,0,,,,,,,,,,0,,,,0,0,,,,,,,,,,0,0,0,,0,,0,,,,,,,,
121,"SST vs Woodberry, St. Margaret's","01/20/06 00:00:00","01/20/06 00:00:00",,,"Y",,0,0,0,,,0,0,0,"Woodberry Forest",0,0,0,0,0,,,,,0,0,,,0,0,0,,,,,0,,,,,,,0,,,,,,,,,,0,,,,0,0,,,,,,,,,,0,0,0,,0,,0,,,,,,,,
122,"SST vs ECS, Highland, Quantico","01/21/06 00:00:00","01/21/06 00:00:00",,,"Y",,0,0,0,,,0,0,0,"Freedom Aquatic and Fitness Center",0,0,0,0,0,,,,,0,0,,,0,0,0,,,,,0,,,,,,,0,,,,,,,,,,0,,,,0,0,,,,,,,,,,0,0,0,,0,,0,,,,,,,,
124,"2006 DAC Championships","02/04/06 00:00:00","02/04/06 00:00:00",,,"Y",,0,0,0,,,0,0,0,"Freedom Aquatic and Fitness Center",0,0,0,0,0,0,0,,0,0,0,,,0,0,0,,,,,0,,,,,,,0,,,,,,,,,,0,,,,0,0,,,,,,,,,,0,0,0,,0,,0,,,,,,,,
126,"2006 OPHS Relay Carnival","12/02/06 00:00:00","12/02/06 00:00:00","12/02/06 00:00:00",,"Y",,0,0,0,,,,,,"Freedom Center",0,0,0,0,0,0,0,,0,0,0,,,0,0,0,,,,,0,,,,,,,0,,,,,,,,,,0,,,,0,0,,,,,,,,,,0,0,0,,0,,0,,,,,,,,
127,"SST vs Flint Hill Time Trial Meet","11/18/06 00:00:00","11/18/06 00:00:00",,,"Y",,0,0,0,"HS",,,,,"Freedom Fitness and Aquatic Center",0,0,0,0,0,0,0,,0,0,0,,,0,0,0,,,,,0,,,,,,,0,,,,,,,,,,0,,,,0,0,,,,,,,,,,0,0,0,,0,,0,,,,,,,,
129,"2007 National Catholic HS Championship","01/27/07 00:00:00","01/28/07 00:00:00",,,"Y",,0,0,0,,,,,,"Villanova University",0,0,0,0,0,0,0,,0,0,0,,,0,0,0,,,,,0,,,,,,,0,,,,,,,,,,0,,,,0,0,,,,,,,,,,0,0,0,,0,,0,,,,,,,,
130,"SST vs North Stafford, WoL","12/02/06 00:00:00","12/02/06 00:00:00",,,"Y",,0,0,0,,,,,,"Freedom Aquatic and Fitness Center",0,0,0,0,0,0,0,,0,0,0,,,0,0,0,,,,,0,,,,,,,0,,,,,,,,,,0,,,,0,0,,,,,,,,,,0,0,0,,0,,0,,,,,,,,
131,"SST vs North Stafford, WoL-WoL Entries","12/02/06 00:00:00","12/02/06 00:00:00",,,"Y",,0,0,0,,,,,,"Freedom Aquatic and Fitness Center",0,0,0,0,0,0,0,,0,0,0,,,0,0,0,,,,,0,,,,,,,0,,,,,,,,,,0,,,,0,0,,,,,,,,,,0,0,0,,0,,0,,,,,,,,
133,"SST vs Woodberry, FCS","12/09/06 00:00:00","12/09/06 00:00:00","12/09/06 00:00:00",,"Y",,0,0,0,,,2,3,4,"Woodberry Forest School",0,0,0,0,0,0,0,,0,0,0,,,0,0,0,,,,,0,,,,,,,0,,,,,,,,,,0,,,,0,0,,,,,,,,,,0,0,0,,0,,0,,,,,,,,
134,"SST vs Collegiate, Bishop Ireton","12/16/06 00:00:00","12/16/06 00:00:00",,,"Y",,0,0,0,,,,,,"Freedom Aquatic and Fitness Center",0,0,0,0,0,0,0,,0,0,0,,,0,0,0,,,,,0,,,,,,,0,,,,,,,,,,0,,,,0,0,,,,,,,,,,0,0,0,,0,,0,,,,,,,,
135,"SST vs PVI","01/06/07 00:00:00","01/06/07 00:00:00",,,"Y",,0,0,0,,,,,,"Freedom Aquatic and Fitness Center",0,0,0,0,0,0,0,,0,0,0,,,0,0,0,,,,,0,,,,,,,0,,,,,,,,,,0,,,,0,0,,,,,,,,,,0,0,0,,0,,0,,,,,,,,
136,"SST vs FCS","01/13/07 00:00:00","01/13/07 00:00:00",,,"Y",,0,0,0,,,,,,"Freedom Aquatic and Fitness Center",0,0,0,0,0,0,0,,0,0,0,,,0,0,0,,,,,0,,,,,,,0,,,,,,,,,,0,,,,0,0,,,,,,,,,,0,0,0,,0,,0,,,,,,,,
137,"SST vs FCS - Wakefield Entries","01/13/07 00:00:00","01/13/07 00:00:00",,,"Y",,0,0,0,,,,,,"Freedom Aquatic and Fitness Center",0,0,0,0,0,0,0,,0,0,0,,,0,0,0,,,,,0,,,,,,,0,,,,,,,,,,0,,,,0,0,,,,,,,,,,0,0,0,,0,,0,,,,,,,,
138,"SST vs FCS - Highland Entries","01/13/07 00:00:00","01/13/07 00:00:00",,,"Y",,0,0,0,,,,,,"Freedom Fitness and Aquatic Center",0,0,0,0,0,0,0,,0,0,0,,,0,0,0,,,,,0,,,,,,,0,,,,,,,,,,0,,,,0,0,,,,,,,,,,0,0,0,,0,,0,,,,,,,,
139,"SST at TES, NSA, Covenant","01/20/07 00:00:00","01/20/07 00:00:00",,,"Y",,0,0,0,,,,,,"ACAC Aquatic Center, Midlothian, VA",0,0,0,0,0,0,0,,0,0,0,,,0,0,0,,,,,0,,,,,,,0,,,,,,,,,,0,,,,0,0,,,,,,,,,,0,0,0,,0,,0,,,,,,,,
140,"SST JV at Norfolk Academy, COOL, GC","01/27/07 00:00:00","01/27/07 00:00:00",,,"Y",,0,0,0,,,,,,"Norfolk Academy",0,0,0,0,0,0,0,,0,0,0,,,0,0,0,,,,,0,,,,,,,0,,,,,,,,,,0,,,,0,0,,,,,,,,,,0,0,0,,0,,0,,,,,,,,
143,"VSIS Division II Invitational","02/03/07 00:00:00","02/03/07 00:00:00",,,"Y",,0,0,0,,,,,,"Freedom Aquatic and Fitness Center",0,0,0,0,0,0,0,,0,0,0,,,0,0,0,,,,,0,,,,,,,0,,,,,,,,,,0,,,,0,0,,,,,,,,,,0,0,0,,0,,0,,,,,,,,
144,"2007 VSIS State Championships","02/16/07 00:00:00","02/17/07 00:00:00","02/16/07 00:00:00","06/30/06 00:00:00","Y",,0,0,0,,,2,3,4,"Hargrave Military Academy",0,0,0,0,0,0,0,,0,0,0,,,0,0,0,,,,,0,,,,,,,0,,,,,,,,,,0,,,,0,0,,,,,,,,,,0,0,0,,0,,0,,,,,,,,
148,"SST vs SBHS,PCHS-Dec15,07","12/15/07 00:00:00","12/15/07 00:00:00","12/15/07 00:00:00",,"Y",,0,0,0,,,0,0,0,"Freedom Center",0,0,0,0,0,0,0,,0,0,0,,,0,0,0,,,,,0,,,,,,,0,,,,,,,,,,0,,,,0,0,,,,,,,,,,0,0,0,,0,,0,,,,,,,,
149,"SST vs NSHS, TES-Dec1,07","12/01/07 00:00:00","12/01/07 00:00:00","12/01/07 00:00:00",,"YO",,0,0,0,,,0,0,0,"Freedom Center",0,0,0,0,0,0,0,,0,0,0,,,0,0,0,,,,,0,,,,,,,0,,,,,,,,,,0,,,,0,0,,,,,,,,,,0,0,0,,0,,0,,,,,,,,
151,"2007 Time Trials","11/16/07 00:00:00","11/16/07 00:00:00",,,"Y",,0,0,0,,,,,,"Freedom Aquatic and Fitness Center",0,0,0,0,0,0,0,,0,0,0,,,0,0,0,,,,,0,,,,,,,0,,,,,,,,,,0,,,,0,0,,,,,,,,,,0,0,0,,0,,0,,,,,,,,
155,"2008 VSIS State Championships","02/15/08 00:00:00","02/16/08 00:00:00",,,"Y",,0,0,0,,,2,3,4,"Freedom Aquatic and Fitness Center",0,0,1,0,0,0,0,,0,0,0,,,0,0,0,,,,,0,,,,,,,0,,,,,,,,,,0,,,,0,0,,,,,,,,,,0,0,0,,0,,0,,,,,,,,
156,"2008 National Catholic HS Championship","01/26/08 00:00:00","01/27/08 00:00:00",,,"Y",,0,0,0,,,,,,"Villanova University",0,0,0,0,0,0,0,,0,0,0,,,0,0,0,,,,,0,,,,,,,0,,,,,,,,,,0,,,,0,0,,,,,,,,,,0,0,0,,0,,0,,,,,,,,
158,"SSTvsBHS,HIGH,WAKE,QHS-Dec8,07","12/08/07 00:00:00","12/08/07 00:00:00","12/08/07 00:00:00",,"YO",,0,0,0,,,0,0,0,"Freedom Aquatic and Fitness Center",0,0,0,0,0,0,0,,0,0,0,,,0,0,0,,,,,0,,,,,,,0,,,,,,,,,,0,,,,0,0,,,,,,,,,,0,0,0,,0,,0,,,,,,,,
159,"NVSC Conference Regular Season-Dec14,07","12/14/07 00:00:00","12/14/07 00:00:00","12/14/07 00:00:00",,"YO",,,,0,,,0,0,0,"Warrenton Aquatic and Fitness Center",0,,0,0,0,0,0,,0,0,0,,,0,0,0,,,,,0,,,,,,,0,,,,,,,,,,0,,,,0,0,,,,,,,,,,0,0,0,,0,,0,,,,,,,,
160,"SST, Paul VI @ Collegiate-Jan4,07","01/04/08 00:00:00","01/04/08 00:00:00","01/04/08 00:00:00",,"Y",,0,0,0,,,2,3,4,"St. Catherine's",0,0,0,0,0,0,0,,0,0,0,,,0,0,0,,,,,0,,,,,,,0,,,,,,,,,,0,,,,0,0,,,,,,,,,,0,0,0,,0,,0,,,,,,,,
161,"SST @ Woodberry, Madiera, FCS-Jan12,08","01/12/08 00:00:00","01/12/08 00:00:00",,,"Y",,0,0,0,,,,,,"Woodberry Forest School",0,0,0,0,0,0,0,,0,0,0,,,0,0,0,,,,,0,,,,,,,0,,,,,,,,,,0,,,,0,0,,,,,,,,,,0,0,0,,0,,0,,,,,,,,
163,"Junior Varsity Swimming Invitational-Jan19.08","01/19/08 00:00:00","01/19/08 00:00:00","01/19/08 00:00:00",,"YO",,0,0,0,,,3,4,5,"Warrenton Aquatic and Recreation Facility",0,0,0,0,0,0,0,,0,0,0,,,0,0,0,,,,,0,,,,,,,0,,,,,,,,,,0,,,,0,0,,,,,,,,,,0,0,0,,0,,0,,,,,,,,
164,"VSIS Division II Swimming Invitational","02/02/08 00:00:00","02/02/08 00:00:00","02/02/08 00:00:00",,"YO",,,,0,,,2,3,4,"Freedom Center",0,,0,0,0,0,0,,0,0,0,,,0,0,0,,,,,0,,,,,,,0,,,,,,,,,,0,,,,0,0,,,,,,,,,,0,0,0,,0,,0,,,,,,,,
165,"SST @ FA, NVSC-Jan18,08","01/18/08 00:00:00","01/18/08 00:00:00",,,"S",,0,0,0,"HS",,2,3,4,"Fredericksburg Academy",0,0,0,0,0,0,0,,0,0,0,,,0,0,0,,,,,0,,,,,,,0,,,,,,,,,,0,,,,0,0,,,,,,,,,,0,0,0,,0,,0,,,,,,,,
167,"SST@FA - Converted 400m times","01/18/08 00:00:00","01/18/08 00:00:00",,,"Y",,0,0,0,,,,,,,0,0,0,0,0,0,0,,0,0,0,,,0,0,0,,,,,0,,,,,,,0,,,,,,,,,,0,,,,0,0,,,,,,,,,,0,0,0,,0,,0,,,,,,,,
168,"NVSC Champs","02/09/08 00:00:00","02/09/08 00:00:00",,,"S",,0,0,0,,,,,,"Fredericksburg Academy",0,0,0,0,0,0,0,,0,0,0,,,0,0,0,,,,,0,,,,,,,0,,,,,,,,,,0,,,,0,0,,,,,,,,,,0,0,0,,0,,0,,,,,,,,
170,"NVSC Champs - Converted 400m times","02/09/08 00:00:00","02/09/08 00:00:00",,,"Y",,0,0,0,,,,,,,0,0,0,0,0,0,0,,0,0,0,,,0,0,0,,,,,0,,,,,,,0,,,,,,,,,,0,,,,0,0,,,,,,,,,,0,0,0,,0,,0,,,,,,,,
39,"Practice Trials","09/01/00 00:00:00","09/01/00 00:00:00",,,"S",,0,0,0,"HS",,0,,,,0,,0,0,,,,,,0,0,,,0,0,0,,,,,0,,,,,,,0,,,,,,,,,,0,,,,0,0,,,,,,,,,,0,0,0,,0,,0,,,,,,,,
40,"Paul IV Vs SST","12/02/00 00:00:00","12/02/00 00:00:00",,,"Y",,0,0,0,"HS",,0,,,,0,,0,0,,,,,,0,0,,,0,0,0,,,,,0,,,,,,,0,,,,,,,,,,0,,,,0,0,,,,,,,,,,0,0,0,,0,,0,,,,,,,,
41,"2001 VSIS","02/16/01 00:00:00","02/17/01 00:00:00",,,"Y",,0,0,0,"HS",,0,,,"Chatam VA USA",0,,0,0,,,,,,0,0,,,0,0,0,,,,,0,,,,,,,0,,,,,,,,,,0,,,,0,0,,,,,,,,,,0,0,0,,0,,0,,,,,,,,
42,"FA, WAKE, SST","12/09/00 00:00:00","12/09/00 00:00:00",,,"S",,0,0,0,"HS",,0,,,,0,,0,0,,,,,,0,0,,,0,0,0,,,,,0,,,,,,,0,,,,,,,,,,0,,,,0,0,,,,,,,,,,0,0,0,,0,,0,,,,,,,,
44,"FA,ECS,MMA","01/13/01 00:00:00","01/13/01 00:00:00",,,"S",,0,0,0,,,0,,,,0,,0,0,,,,,,0,0,,,0,0,0,,,,,0,,,,,,,0,,,,,,,,,,0,,,,0,0,,,,,,,,,,0,0,0,,0,,0,,,,,,,,
45,"FA/High/FCS","01/20/01 00:00:00","01/20/01 00:00:00",,,"S",,0,0,0,"HS",,0,,,,0,,0,0,,,,,,0,0,,,0,0,0,,,,,0,,,,,,,0,,,,,,,,,,0,,,,0,0,,,,,,,,,,0,0,0,,0,,0,,,,,,,,
46,"DAC Championship","02/10/01 00:00:00","02/10/01 00:00:00",,,"S",,0,0,0,"HS",,0,,,,0,,0,0,,,,,,0,0,,,0,0,0,,,,,0,,,,,,,0,,,,,,,,,,0,,,,0,0,,,,,,,,,,0,0,0,,0,,0,,,,,,,,
47,"RMA/FCS/FA","02/03/01 00:00:00","02/03/01 00:00:00",,,"S",,0,0,0,"HS",,0,,,,0,,0,0,,,,,,0,0,,,0,0,0,,,,,0,,,,,,,0,,,,,,,,,,0,,,,0,0,,,,,,,,,,0,0,0,,0,,0,,,,,,,,
48,"2002 VSIS State Championships","02/15/02 00:00:00","02/16/02 00:00:00",,"02/01/01 00:00:00","YS",,0,0,0,"HS",,0,0,4,"Hargrave Military Academy",0,0,1,0,,,,,,0,0,,,0,0,0,,,,,0,,,,,,,0,,,,,,,,,,0,,,,0,0,,,,,,,,,,0,0,0,,0,,0,,,,,,,,
49,"SST v PVI","12/01/01 00:00:00","12/01/01 00:00:00",,,"Y",,0,0,0,"HS",,0,0,4,"Dale city Rec",0,0,0,0,,,,,,0,0,,,0,0,0,,,,,0,,,,,,,0,,,,,,,,,,0,,,,0,0,,,,,,,,,,0,0,0,,0,,0,,,,,,,,
50,"FA,ECS,Wake,SST","12/08/01 00:00:00","12/08/01 00:00:00",,,"S","BE ON DECK 8:00 AM",0,0,0,"HS",,0,0,4,"Fredericksburg Academy",0,0,0,0,,,,,,0,0,,,0,0,0,,,,,0,,,,,,,0,,,,,,,,,,0,,,,0,0,,,,,,,,,,0,0,0,,0,,0,,,,,,,,
51,"SST vs. Central","12/15/01 00:00:00","12/15/01 00:00:00",,,"Y","BE ON DECK 6:20 PM.",0,0,0,"HS",,0,0,4,"Strassburg Rec. Center",0,0,0,0,,,,,,0,0,,,0,0,0,,,,,0,,,,,,,0,,,,,,,,,,0,,,,0,0,,,,,,,,,,0,0,0,,0,,0,,,,,,,,
52,"Time Trials","11/11/02 00:00:00","11/11/02 00:00:00","11/11/02 00:00:00",,"Y",,0,0,0,"HS",,0,0,0,"GMU Freedom Center",0,0,0,0,0,,,,,0,0,,,0,0,0,,,,,0,,,,,,,0,,,,,,,,,,0,,,,0,0,,,,,,,,,,0,0,0,,0,,0,,,,,,,,
53,"SST vs. FA, Wakefield, Highland","12/07/02 00:00:00","12/07/02 00:00:00",,,"S",,0,0,0,"HS",,0,0,4,"Fredericksburg Academy",0,0,0,0,,,,,,0,0,,,0,0,0,,,,,0,,,,,,,0,,,,,,,,,,0,,,,0,0,,,,,,,,,,0,0,0,,0,,0,,,,,,,,
54,"SST vs. North Stafford, Quantico","12/14/02 00:00:00","12/14/02 00:00:00",,,"Y",,0,0,0,"HS",,0,0,4,"FAST Aquatic Club",0,0,0,0,,,,,,0,0,,,0,0,0,,,,,0,,,,,,,0,,,,,,,,,,0,,,,0,0,,,,,,,,,,0,0,0,,0,,0,,,,,,,,
55,"SST vs Paul VI","12/20/02 00:00:00","12/20/02 00:00:00",,,"Y",,0,0,0,"HS",,0,0,0,"Dale City Recreation Center",0,0,0,0,,,,,,0,0,,,0,0,0,,,,,0,,,,,,,0,,,,,,,,,,0,,,,0,0,,,,,,,,,,0,0,0,,0,,0,,,,,,,,
56,"SST vs. O'Connell","01/11/03 00:00:00","01/11/03 00:00:00",,,"Y",,0,0,0,"HS",,0,0,0,"FAST Aquatic Center",0,0,0,0,,,,,,0,0,,,0,0,0,,,,,0,,,,,,,0,,,,,,,,,,0,,,,0,0,,,,,,,,,,0,0,0,,0,,0,,,,,,,,
57,"SST vs FA, ECS, FC","01/18/03 00:00:00","01/18/03 00:00:00",,,"S",,0,0,0,,,0,0,0,"Fredericksburg Academy",0,0,0,0,,,,,,0,0,,,0,0,0,,,,,0,,,,,,,0,,,,,,,,,,0,,,,0,0,,,,,,,,,,0,0,0,,0,,0,,,,,,,,
59,"SST vs. MMA, WoL","01/25/03 00:00:00","01/25/03 00:00:00",,,"Y",,0,0,0,,,0,0,0,"FAST Aquatic Center",0,0,0,0,,,,,,0,0,,,0,0,0,,,,,0,,,,,,,0,,,,,,,,,,0,,,,0,0,,,,,,,,,,0,0,0,,0,,0,,,,,,,,
60,"SST vs. FA, Highland, RMA","02/01/03 00:00:00","02/01/03 00:00:00",,,"S",,0,0,0,,,0,0,0,"Fredericksburg Academy",0,0,0,0,,,,,,0,0,,,0,0,0,,,,,0,,,,,,,0,,,,,,,,,,0,,,,0,0,,,,,,,,,,0,0,0,,0,,0,,,,,,,,
61,"2003 DAC Championships","02/08/03 00:00:00","02/08/03 00:00:00",,,"S",,0,0,0,,,0,0,0,"Fredericksburg Academy",0,0,0,0,0,,,,,0,0,,,0,0,0,,,,,0,,,,,,,0,,,,,,,,,,0,,,,0,0,,,,,,,,,,0,0,0,,0,,0,,,,,,,,
62,"SST vs N. Stafford","01/05/02 00:00:00","01/05/02 00:00:00",,,"Y",,,,,"HS",,,,,"Dale City Rec.",0,,0,0,,,,,,0,0,,,0,0,0,,,,,0,,,,,,,0,,,,,,,,,,0,,,,0,0,,,,,,,,,,0,0,0,,0,,0,,,,,,,,
63,"SST vs FA, MMA, High","01/12/02 00:00:00","01/12/02 00:00:00",,,"S",,,,,"HS",,,,,"Fredericksburg Academy",0,,0,0,,,,,,0,0,,,0,0,0,,,,,0,,,,,,,0,,,,,,,,,,0,,,,0,0,,,,,,,,,,0,0,0,,0,,0,,,,,,,,
64,"2002 DAC Championship","02/09/02 00:00:00","02/09/02 00:00:00",,,"S",,0,0,0,"HS",,,,,"Fredericksburg Academy",0,0,0,0,0,0,0,,0,0,0,,,0,0,0,,,,,0,,,,,,,0,,,,,,,,,,0,,,,0,0,,,,,,,,,,0,0,0,,0,,0,,,,,,,,
65,"RMA vs SETON","01/26/02 00:00:00","01/26/02 00:00:00",,,"Y",,,,,"HS",,,,,"Dale City REc.",0,,0,0,,,,,,0,0,,,0,0,0,,,,,0,,,,,,,0,,,,,,,,,,0,,,,0,0,,,,,,,,,,0,0,0,,0,,0,,,,,,,,
66,"FA, FCS, RMA vs Seton","02/02/02 00:00:00","02/02/02 00:00:00",,,"S",,,,,"HS",,,,,"Fredericksburg Academy",0,,0,0,,,,,,0,0,,,0,0,0,,,,,0,,,,,,,0,,,,,,,,,,0,,,,0,0,,,,,,,,,,0,0,0,,0,,0,,,,,,,,
67,"38th Annual Metros","02/22/02 00:00:00","02/23/02 00:00:00",,,"Y",,,,,"HS",,,,,"Montgomery County Rec.",0,,0,0,,,,,,0,0,,,0,0,0,,,,,0,,,,,,,0,,,,,,,,,,0,,,,0,0,,,,,,,,,,0,0,0,,0,,0,,,,,,,,
68,"39th Annual Metros","02/22/03 00:00:00","02/22/03 00:00:00",,,"Y",,0,0,0,,,0,0,0,"Montgomery Aquatic Center",0,0,0,0,,,,,,0,0,,,0,0,0,,,,,0,,,,,,,0,,,,,,,,,,0,,,,0,0,,,,,,,,,,0,0,0,,0,,0,,,,,,,,
69,"2003 VSIS State Championships","02/28/03 00:00:00","03/01/03 00:00:00",,,"YS",,0,0,0,,,0,0,0,"University of Virginia",0,0,0,0,,,,,,0,0,,,0,0,0,,,,,0,,,,,,,0,,,,,,,,,,0,,,,0,0,,,,,,,,,,0,0,0,,0,,0,,,,,,,,
70,"SST vs. Fauquier High, ECS","11/21/03 00:00:00","11/21/03 00:00:00",,,"Y",,0,0,0,,,0,0,0,"FAST Aquatic Center",0,0,0,0,,,,,,0,0,,,0,0,0,,,,,0,,,,,,,0,,,,,,,,,,0,,,,0,0,,,,,,,,,,0,0,0,,0,,0,,,,,,,,
71,"USA Times from Beginning of 2003-2004 Season","09/20/03 00:00:00","09/20/03 00:00:00",,,"Y",,0,0,0,,,0,0,0,,0,0,0,0,,,,,,0,0,,,0,0,0,,,,,0,,,,,,,0,,,,,,,,,,0,,,,0,0,,,,,,,,,,0,0,0,,0,,0,,,,,,,,
72,"SST vs. FA, FCS","12/12/03 00:00:00","12/12/03 00:00:00",,,"S",,0,0,0,,,0,0,0,"Fredericksburg Academy",0,0,0,0,0,,,,,0,0,,,0,0,0,,,,,0,,,,,,,0,,,,,,,,,,0,,,,0,0,,,,,,,,,,0,0,0,,0,,0,,,,,,,,
73,"Spotlight Invitational","12/13/03 00:00:00","12/14/03 00:00:00",,,"Y",,0,0,0,,,0,0,0,"Hargrave Military Academy, Chatham, VA",0,0,0,0,,,,,,0,0,,,0,0,0,,,,,0,,,,,,,0,,,,,,,,,,0,,,,0,0,,,,,,,,,,0,0,0,,0,,0,,,,,,,,
74,"SST vs. FA, FCS - Girls 500 Free","12/12/03 00:00:00","12/12/03 00:00:00",,,"S","Software not converting times properly",0,0,0,,,0,0,0,"Fredericksburg Academy",0,0,0,0,,,,,,0,0,,,0,0,0,,,,,0,,,,,,,0,,,,,,,,,,0,,,,0,0,,,,,,,,,,0,0,0,,0,,0,,,,,,,,
76,"SST vs. North Stafford","01/10/04 00:00:00","01/10/04 00:00:00",,,"Y",,0,0,0,,,0,0,0,"Freedom Center",0,0,0,0,0,,,,,0,0,,,0,0,0,,,,,0,,,,,,,0,,,,,,,,,,0,,,,0,0,,,,,,,,,,0,0,0,,0,,0,,,,,,,,
77,"SST vs. PVI","12/19/03 00:00:00","12/19/03 00:00:00",,,"Y","PVI Failed to Show so we swam a time trial meet",0,0,0,,,0,0,0,"Dale City Recreation Center",0,0,0,0,0,,,,,0,0,,,0,0,0,,,,,0,,,,,,,0,,,,,,,,,,0,,,,0,0,,,,,,,,,,0,0,0,,0,,0,,,,,,,,
78,"SST vs. FA, MMA, Quantico","01/09/04 00:00:00","01/09/04 00:00:00",,,"S",,0,0,0,,,0,0,0,"Fredericksburg Academy",0,0,0,0,0,,,,,0,0,,,0,0,0,,,,,0,,,,,,,0,,,,,,,,,,0,,,,0,0,,,,,,,,,,0,0,0,,0,,0,,,,,,,,
79,"SST vs. RMA, Quantico","01/17/04 00:00:00","01/17/04 00:00:00",,,"Y",,0,0,0,,,0,0,0,"FAST Aquatic Center",0,0,0,0,0,,,,,0,0,,,0,0,0,,,,,0,,,,,,,0,,,,,,,,,,0,,,,0,0,,,,,,,,,,0,0,0,,0,,0,,,,,,,,
80,"2004 National Catholic Championship","01/31/04 00:00:00","02/01/04 00:00:00",,,"Y",,0,0,0,,,0,0,0,"Villanova University",0,0,0,0,0,,,,,0,0,,,0,0,0,,,,,0,,,,,,,0,,,,,,,,,,0,,,,0,0,,,,,,,,,,0,0,0,,0,,0,,,,,,,,
82,"2004 DAC Championships","02/07/04 00:00:00","02/07/04 00:00:00",,,"S",,0,0,0,,,0,0,0,"Fredericksburg Academy",0,0,0,0,0,,,,,0,0,,,0,0,0,,,,,0,,,,,,,0,,,,,,,,,,0,,,,0,0,,,,,,,,,,0,0,0,,0,,0,,,,,,,,
85,"SST vs. Highland, Wakefield","01/28/04 00:00:00","01/28/04 00:00:00",,,"Y",,0,0,0,,,0,0,0,"FAST Aquatic Center",0,0,0,0,0,,,,,0,0,,,0,0,0,,,,,0,,,,,,,0,,,,,,,,,,0,,,,0,0,,,,,,,,,,0,0,0,,0,,0,,,,,,,,
86,"SST vs. Woodberry Forest, Flint Hill","01/24/04 00:00:00","01/24/04 00:00:00",,,"Y",,0,0,0,,,0,0,0,"Woodberry Forest School",0,0,0,0,0,,,,,0,0,,,0,0,0,,,,,0,,,,,,,0,,,,,,,,,,0,,,,0,0,,,,,,,,,,0,0,0,,0,,0,,,,,,,,
87,"2004 VSIS State Championship","02/20/04 00:00:00","02/21/04 00:00:00",,,"Y",,0,0,0,,,0,0,0,"Mid-Town Aquatic Club, Newport News, VA",0,0,0,0,0,,,,,0,0,,,0,0,0,,,,,0,,,,,,,0,,,,,,,,,,0,,,,0,0,,,,,,,,,,0,0,0,,0,,0,,,,,,,,
88,"2004 A/BB Champs","02/28/04 00:00:00","02/29/04 00:00:00",,,"Y",,0,0,0,,,0,0,0,"Jamerson YMCA, Lynchburg, VA",0,0,0,0,0,,,,,0,0,,,0,0,0,,,,,0,,,,,,,0,,,,,,,,,,0,,,,0,0,,,,,,,,,,0,0,0,,0,,0,,,,,,,,
89,"2004 Senior Champs","03/06/04 00:00:00","03/07/04 00:00:00",,,"Y",,0,0,0,,,0,0,0,"George Mason University",0,0,0,0,0,,,,,0,0,,,0,0,0,,,,,0,,,,,,,0,,,,,,,,,,0,,,,0,0,,,,,,,,,,0,0,0,,0,,0,,,,,,,,
90,"Area 4 2004 Mini B/C Champs","02/20/04 00:00:00","02/20/04 00:00:00",,,"Y",,0,0,0,,,0,0,0,"Chinn Center",0,0,0,0,0,,,,,0,0,,,0,0,0,,,,,0,,,,,,,0,,,,,,,,,,0,,,,0,0,,,,,,,,,,0,0,0,,0,,0,,,,,,,,
91,"2003 BASS Mini B/C Winter Invitational","11/22/03 00:00:00","11/22/03 00:00:00",,,"Y",,0,0,0,,,0,0,0,"Woodberry Forest",0,0,0,0,0,,,,,0,0,,,0,0,0,,,,,0,,,,,,,0,,,,,,,,,,0,,,,0,0,,,,,,,,,,0,0,0,,0,,0,,,,,,,,
92,"Snowflake Classic Meet","01/31/04 00:00:00","01/31/04 00:00:00",,,"Y",,0,0,0,,,0,0,0,,0,0,0,0,0,,,,,0,0,,,0,0,0,,,,,0,,,,,,,0,,,,,,,,,,0,,,,0,0,,,,,,,,,,0,0,0,,0,,0,,,,,,,,
93,"First Annual New Year's Swim Meet","01/03/04 00:00:00","01/03/04 00:00:00",,,"Y",,0,0,0,,,0,0,0,,0,0,0,0,0,,,,,0,0,,,0,0,0,,,,,0,,,,,,,0,,,,,,,,,,0,,,,0,0,,,,,,,,,,0,0,0,,0,,0,,,,,,,,
94,"2004 Long Course Senior Champs","07/09/04 00:00:00","07/11/04 00:00:00",,,"L",,0,0,0,,,0,0,0,"George Mason University",0,0,0,0,0,,,,,0,0,,,0,0,0,,,,,0,,,,,,,0,,,,,,,,,,0,,,,0,0,,,,,,,,,,0,0,0,,0,,0,,,,,,,,
95,"2004 Speedo Southern Sectional","07/22/04 00:00:00","07/25/04 00:00:00",,,"L",,0,0,0,,,0,0,0,"Ft. Lauderdale, FL",0,0,0,0,0,,,,,0,0,,,0,0,0,,,,,0,,,,,,,0,,,,,,,,,,0,,,,0,0,,,,,,,,,,0,0,0,,0,,0,,,,,,,,
96,"2004-2005 Pre-Season Time Trials","11/19/04 00:00:00","11/19/04 00:00:00",,,"Y",,0,0,0,,,0,0,0,"Fauquier Area Swim Team Aquatic Center",0,0,0,0,0,,,,,0,0,,,0,0,0,,,,,0,,,,,,,0,,,,,,,,,,0,,,,0,0,,,,,,,,,,0,0,0,,0,,0,,,,,,,,
97,"BASS Winter Invitational","11/20/04 00:00:00","11/21/04 00:00:00",,,"Y",,0,0,0,,,0,0,0,"Woodberry Forest",0,0,0,0,0,,,,,0,0,,,0,0,0,,,,,0,,,,,,,0,,,,,,,,,,0,,,,0,0,,,,,,,,,,0,0,0,,0,,0,,,,,,,,
98,"SST vs. North Stafford","12/04/04 00:00:00","12/04/04 00:00:00",,,"Y",,0,0,0,"HS",,4,3,0,"Freedom Fitness and Aquatic Center",0,0,0,0,0,,,,,0,0,,,0,0,0,,,,,0,,,,,,,0,,,,,,,,,,0,,,,0,0,,,,,,,,,,0,0,0,,0,,0,,,,,,,,
99,"SST vs. Woodberry, Flint Hill","12/11/04 00:00:00",,,,"Y",,0,0,0,,,0,0,0,"Woodberry Forest",0,0,0,0,0,,,,,0,0,,,0,0,0,,,,,0,,,,,,,0,,,,,,,,,,0,,,,0,0,,,,,,,,,,0,0,0,,0,,0,,,,,,,,
100,"SST vs. ECS, FCS","12/17/04 00:00:00","12/17/04 00:00:00",,,"Y",,0,0,0,,,0,0,0,"Dale City Recreation Center",0,0,0,0,0,,,,,0,0,,,0,0,0,,,,,0,,,,,,,0,,,,,,,,,,0,,,,0,0,,,,,,,,,,0,0,0,,0,,0,,,,,,,,
102,"USA Times for 2004-2005","12/31/04 00:00:00",,,,"Y",,0,0,0,,,0,0,0,,0,0,0,0,0,,,,,0,0,,,0,0,0,,,,,0,,,,,,,0,,,,,,,,,,0,,,,0,0,,,,,,,,,,0,0,0,,0,,0,,,,,,,,
104,"SST vs Battlefield High School","01/08/05 00:00:00","01/08/05 00:00:00",,,"Y",,0,0,0,,,0,0,0,"Freedom Aquatic and Fitness Center",0,0,0,0,0,,,,,0,0,,,0,0,0,,,,,0,,,,,,,0,,,,,,,,,,0,,,,0,0,,,,,,,,,,0,0,0,,0,,0,,,,,,,,
105,"SST vs FA, FCS","01/15/05 00:00:00","01/15/05 00:00:00",,,"Y",,0,0,0,,,0,0,0,"Freedom Aquatic and Fitness Center",0,0,0,0,0,,,,,0,0,,,0,0,0,,,,,0,,,,,,,0,,,,,,,,,,0,,,,0,0,,,,,,,,,,0,0,0,,0,,0,,,,,,,,
106,"2005 National Catholic Championship","01/29/05 00:00:00","01/30/05 00:00:00",,,"Y",,0,0,0,,,0,0,0,"Villanova University",0,0,0,0,0,,,,,0,0,,,0,0,0,,,,,0,,,,,,,0,,,,,,,,,,0,,,,0,0,,,,,,,,,,0,0,0,,0,,0,,,,,,,,
107,"SST vs Wakefield","01/26/05 00:00:00","01/26/05 00:00:00",,,"Y",,0,0,0,,,0,0,0,"FAST Aquatic Center",0,0,0,0,0,,,,,0,0,,,0,0,0,,,,,0,,,,,,,0,,,,,,,,,,0,,,,0,0,,,,,,,,,,0,0,0,,0,,0,,,,,,,,
108,"2005 DAC Championships","02/05/05 00:00:00","02/05/05 00:00:00",,,"Y",,0,0,0,,,0,0,4,"Freedom Aquatic and Fitness Center",0,0,0,0,0,,,,,0,0,,,0,0,0,,,,,0,,,,,,,0,,,,,,,,,,0,,,,0,0,,,,,,,,,,0,0,0,,0,,0,,,,,,,,
109,"2005 VSIS State Championship","02/18/05 00:00:00","02/19/05 00:00:00",,,"Y",,0,0,0,,,0,0,0,"Hargrave Military Academy, Chatham, VA",0,0,0,0,0,,,,,0,0,,,0,0,0,,,,,0,,,,,,,0,,,,,,,,,,0,,,,0,0,,,,,,,,,,0,0,0,,0,,0,,,,,,,,
110,"ECS Entries-2005 VSIS State Championships","02/18/05 00:00:00","02/19/05 00:00:00",,,"Y",,0,0,0,,,0,0,0,"Hargrave Military Academy",0,0,0,0,0,,,,,0,0,,,0,0,0,,,,,0,,,,,,,0,,,,,,,,,,0,,,,0,0,,,,,,,,,,0,0,0,,0,,0,,,,,,,,
113,"SST vs Bishop Ireton","11/18/05 00:00:00",,,,"Y",,0,0,0,,,0,0,0,"Freedom Aquatic and Fitness Center",0,0,0,0,0,,,,,0,0,,,0,0,0,,,,,0,,,,,,,0,,,,,,,,,,0,,,,0,0,,,,,,,,,,0,0,0,,0,,0,,,,,,,,
173,"2008 Time Trials","11/21/08 00:00:00","11/21/08 00:00:00","11/21/08 00:00:00",,"Y",,0,0,0,,,0,0,0,"Warrenton Aquatic and Recreation Facility",0,0,0,0,0,0,0,,0,0,0,,,0,0,0,,,,,0,,,,,,,0,,,,,,,,,,0,,,,0,0,,,,,,,,,,0,0,0,,0,,0,,,,,,,,
175,"SST vs BDHS,FA,Wake,High,QHMS","12/06/08 00:00:00","12/06/08 00:00:00",,,"Y",,0,0,0,,,,,,"Freedom Aquatic and Fitness Center",0,0,0,0,0,0,0,,0,0,0,,,0,0,0,,,,,0,,,,,,,0,,,,,,,,,,0,,,,0,0,,,,,,,,,,0,0,0,,0,,0,,,,,,,,
176,"SST vs DAC, Heights, NDA-Dec13,08","12/13/08 00:00:00","12/13/08 00:00:00",,,"Y",,0,0,0,,,,,,"Warrenton Aquatic and Fitness Center",0,0,0,0,0,0,0,,0,0,0,,,0,0,0,,,,,0,,,,,,,0,,,,,,,,,,0,,,,0,0,,,,,,,,,,0,0,0,,0,,0,,,,,,,,
178,"Seton Homecoming vs COOL, PVI, Wake and JPtG","12/20/08 00:00:00","12/20/08 00:00:00",,,"Y",,0,0,0,,,,,,"Freedom Aquatic and Fitness Center",0,0,0,0,0,0,0,,0,0,0,,,0,0,0,,,,,0,,,,,,,0,,,,,,,,,,0,,,,0,0,,,,,,,,,,0,0,0,,0,,0,,,,,,,,
179,"2009 National Catholic HS Championships","01/31/09 00:00:00","02/01/09 00:00:00",,,"Y",,0,0,0,"HS",,,,,"Villanova University",0,0,0,0,0,0,0,,0,0,0,,,0,0,0,,,,,0,,,,,,,0,,,,,,,,,,0,,,,0,0,,,,,,,,,,0,0,0,,0,,0,,,,,,,,
181,"SST vs StC, Woodberry, BI, SBHS-Jan3,09","01/03/09 00:00:00","01/03/09 00:00:00",,,"Y",,0,0,0,,,,,,"Freedom Aquatic and Fitness Center",0,0,0,0,0,0,0,,0,0,0,,,0,0,0,,,,,0,,,,,,,0,,,,,,,,,,0,,,,0,0,,,,,,,,,,0,0,0,,0,,0,,,,,,,,
182,"SST vs WFS, TES, DAC, JPtG-Jan10,09","01/10/09 00:00:00","01/10/09 00:00:00",,,"Y",,0,0,0,,,,,,"Freedom Aquatic and Fitness Center",0,0,0,0,0,0,0,,0,0,0,,,0,0,0,,,,,0,,,,,,,0,,,,,,,,,,0,,,,0,0,,,,,,,,,,0,0,0,,0,,0,,,,,,,,
184,"SST--InvitationalMeet-Jan31-09","01/31/09 00:00:00","01/31/09 00:00:00","01/31/09 00:00:00",,"Y",,0,0,0,,,2,3,4,"Freedom Center",0,0,0,0,0,0,0,,0,0,0,,,0,0,0,,,,,0,,,,,,,0,,,,,,,,,,0,,,,0,0,,,,,,,,,,0,0,0,,0,,0,,,,,,,,
185,"SST-JV-InvitationalMeet-Jan24-09","01/24/09 00:00:00","01/24/09 00:00:00","01/24/09 00:00:00",,"Y",,0,0,0,,,3,3,5,"WARF",0,0,0,0,0,0,0,,0,0,0,,,0,0,0,,,,,0,,,,,,,0,,,,,,,,,,0,,,,0,0,,,,,,,,,,0,0,0,,0,,0,,,,,,,,
189,"2009 VSIS Swimming & Diving Championships","02/13/09 00:00:00","02/14/09 00:00:00","02/13/09 00:00:00",,"Y",,,,0,,,2,3,4,"Freedom Aquatic and Fitness Center",0,,0,0,0,0,0,,0,0,0,,,0,0,0,,,,,0,,,,,,,0,,,,,,,,,,0,,,,0,0,,,,,,,,,,0,0,0,,0,,0,,,,,,,,
190,"SST @ FCS","01/17/09 00:00:00","01/17/09 00:00:00",,,"Y",,0,0,0,"HS",,2,3,4,"Regency Park Sports Complex",0,0,0,0,0,0,0,,0,0,0,,,0,0,0,,,,,0,,,,,,,0,,,,,,,,,,0,,,,0,0,,,,,,,,,,0,0,0,,0,,0,,,,,,,,
192,"2009 DAC Champs","02/07/09 00:00:00","02/07/09 00:00:00","02/07/09 00:00:00",,"S",,0,0,0,,,2,0,4,"Fredericksburg Academy Sport Center",0,0,0,0,0,0,0,,0,0,0,,,0,0,0,,,,,0,,,,,,,0,,,,,,,,,,0,,,,0,0,,,,,,,,,,0,0,0,,0,,0,,,,,,,,
195,"2009 Time Trials","11/20/09 00:00:00","11/20/09 00:00:00","11/20/09 00:00:00",,"Y",,0,0,0,,,0,0,0,"Warrenton Aquatic and Recreation Facility",0,0,0,0,0,0,0,,0,0,0,,,0,0,0,,,,,0,,,,,,,0,,,,,,,,,,0,,,,0,0,,,,,,,,,,0,0,0,,0,,0,,,,,,,,
197,"SSTvBHS,BI,FA,WAKE,QMHS,HIGH 12-05-09","12/05/09 00:00:00","12/05/09 00:00:00","12/05/09 00:00:00",,"Y",,,,0,,,0,0,0,"Freedom Center",0,,0,0,0,0,0,,0,0,0,,,0,0,0,,,,,0,,,,,,,0,,,,,,,,,,0,,,,0,0,,,,,,,,,,0,0,0,,0,,0,,,,,,,,
198,"SSTvWAKE-HIGH-QMHS-RCS-NDA12-12-09","12/12/09 00:00:00","12/12/09 00:00:00","12/12/09 00:00:00",,"Y",,,,0,,,0,0,0,"Freedom Center",0,,0,0,0,0,0,,0,0,0,,,0,0,0,,,,,0,,,,,,,0,,,,,,,,,,0,,,,0,0,,,,,,,,,,0,0,0,,0,,0,,,,,,,,
199,"SSTHomecomingvCOOL-TES-PVI-FHS-NDA-HGTS-JPG12","12/19/09 00:00:00","12/19/09 00:00:00","12/19/09 00:00:00",,"Y",,,,0,,,0,0,0,"Freedom Center",0,,0,0,0,0,0,,0,0,0,,,0,0,0,,,,,0,,,,,,,0,,,,,,,,,,0,,,,0,0,,,,,,,,,,0,0,0,,0,,0,,,,,,,,
200,"SSTvNSA-FHS-FCS-QMHS-JPG1-9-10","01/09/10 00:00:00","01/09/10 00:00:00","01/09/10 00:00:00",,"Y",,,,0,,,0,0,0,"Freedom Center",0,,0,0,0,0,0,,0,0,0,,,0,0,0,,,,,0,,,,,,,0,,,,,,,,,,0,,,,0,0,,,,,,,,,,0,0,0,,0,,0,,,,,,,,
202,"2010 National Catholic HS Champs","01/30/10 00:00:00","01/31/10 00:00:00",,,"Y",,0,0,0,,,,,,"Villanova University",0,0,0,0,0,0,0,,0,0,0,,,0,0,0,,,,,0,,,,,,,0,,,,,,,,,,0,,,,0,0,,,,,,,,,,0,0,0,,0,,0,,,,,,,,
204,"Woodberry - Collegiate '09","12/08/09 00:00:00","12/08/09 00:00:00","12/08/09 00:00:00",,"Y",,,,,,,,,,"Woodberry Forest",0,,0,0,,,,,0,0,0,,,0,0,0,,,,,0,,,,,,,0,,,,,,,,,,0,,,,0,0,,,,,,,,,,0,0,0,,0,,0,,,,,,,,
205,"SST Swim Meet 1-16-10","01/16/10 00:00:00","01/16/10 00:00:00","01/16/10 00:00:00",,"Y",,,,0,,,0,0,0,"Freedom Center",0,,0,0,0,0,0,,0,0,0,,,0,0,0,,,,,0,,,,,,,0,,,,,,,,,,0,,,,0,0,,,,,,,,,,0,0,0,,0,,0,,,,,,,,
206,"SST-2919 InvitationalMeet-Feb06-10","02/06/10 00:00:00","02/06/10 00:00:00","02/06/10 00:00:00",,"Y",,,,0,,,2,3,4,"Freedom Center",0,,0,0,0,0,0,,0,0,0,,,0,0,0,,,,,0,,,,,,,0,,,,,,,,,,0,,,,0,0,,,,,,,,,,0,0,0,,0,,0,,,,,,,,
207,"SST @ Woodberry-Jan 23, 2010","01/23/10 00:00:00","01/23/10 00:00:00",,,"Y",,0,0,0,,,,,,"Woodberry Forest School",0,0,0,0,0,0,0,,0,0,0,,,0,0,0,,,,,0,,,,,,,0,,,,,,,,,,0,,,,0,0,,,,,,,,,,0,0,0,,0,,0,,,,,,,,
208,"SST-2010 JV-InvitationalMeet-Jan23-10","01/23/10 00:00:00","01/23/10 00:00:00","01/23/10 00:00:00",,"Y",,,,0,,,0,0,0,"WARF",0,,0,0,0,0,0,,0,0,0,,,0,0,0,,,,,0,,,,,,,0,,,,,,,,,,0,,,,0,0,,,,,,,,,,0,0,0,,0,,0,,,,,,,,
209,"2010 DAC Championship","02/13/10 00:00:00","02/13/10 00:00:00","02/13/10 00:00:00",,"S",,0,0,0,,,2,3,4,"Fredericksburg Academy Sport Center",0,0,0,0,0,0,0,,0,0,0,,,0,0,0,,,,,0,,,,,,,0,,,,,,,,,,0,,,,0,0,,,,,,,,,,0,0,0,,0,,0,,,,,,,,
212,"2010 VSIS Swimming & Diving Championships","02/19/10 00:00:00","02/20/10 00:00:00","02/19/10 00:00:00",,"Y",,,,0,,,2,3,4,"Freedom Aquatic and Fitness Center",0,,0,0,0,0,0,,0,0,0,,,0,0,0,,,,,0,,,,,,,0,,,,,,,,,,0,,,,0,0,,,,,,,,,,0,0,0,,0,,0,,,,,,,,
214,"2010 Time Trials","11/19/10 00:00:00","11/19/10 00:00:00","11/19/10 00:00:00",,"YO",,0,0,0,,,0,0,0,"WARF",0,0,0,0,0,0,0,,0,0,0,,,0,0,0,,,,,0,,,,,,,0,,,,,,,,,,0,,,,0,0,,,,,,,,,,0,0,0,,0,,0,,,,,,,,
216,"SST vs NA, TES, JPtG, Highland-Dec4,10","12/04/10 00:00:00","12/04/10 00:00:00",,,"Y",,0,0,0,"HS",,,,,"Freedom Fitness and Aquatic Center",0,0,0,0,0,0,0,,0,0,0,,,0,0,0,,,,,0,,,,,,,0,,,,,,,,,,0,,,,0,0,,,,,,,,,,0,0,0,,0,,0,,,,,,,,
217,"SST Swim Meet 12-11-10","12/11/10 00:00:00","12/11/10 00:00:00","12/11/10 00:00:00",,"YO",,0,0,0,,,0,0,0,"Freedom Center",0,0,0,0,0,0,0,,0,0,0,,,0,0,0,,,,,0,,,,,,,0,,,,,,,,,,0,,,,0,0,,,,,,,,,,0,0,0,,0,,0,,,,,,,,
219,"2011 VSIS Swimming & Diving Championships","02/18/11 00:00:00","02/19/11 00:00:00",,,"Y",,0,0,0,,,,,,"Christiansburg Aquatic Center",0,0,0,0,0,0,0,,0,0,0,,,0,0,0,,,,,0,,,,,,,0,,,,,,,,,,0,,,,0,0,,,,,,,,,,0,0,0,,0,,0,,,,,,,,
220,"2011 National Catholic HS Champs","01/29/11 00:00:00","01/30/11 00:00:00",,,"Y",,0,0,0,,,,,,"Villanova University",0,0,1,0,0,0,0,,0,0,0,,,0,0,0,,,,,0,,,,,,,0,,,,,,,,,,0,,,,0,0,,,,,,,,,,0,0,0,,0,,0,,,,,,,,
221,"SST Homecoming Swim Meet 12-18-10","12/18/10 00:00:00","12/18/10 00:00:00","12/18/10 00:00:00",,"YO",,,,0,,,0,0,0,"Freedom Center",0,,0,0,0,0,0,,0,0,0,,,0,0,0,,,,,0,,,,,,,0,,,,,,,,,,0,,,,0,0,,,,,,,,,,0,0,0,,0,,0,,,,,,,,
222,"2010 No.Va. Catholic Invitational","01/08/11 00:00:00","01/08/11 00:00:00","01/08/11 00:00:00",,"YO",,0,0,0,,,0,0,0,"Freedom Center",0,0,0,0,0,0,0,,0,0,0,,,0,0,0,,,,,0,,,,,,,0,,,,,,,,,,0,,,,0,0,,,,,,,,,,0,0,0,,0,,0,,,,,,,,
223,"DAC Conference Meet @ St. Michael-Jan15,11","01/15/11 00:00:00","01/15/11 00:00:00",,,"Y",,0,0,0,,,,,,"St. Michael the Archangel",0,0,0,0,0,0,0,,0,0,0,,,0,0,0,,,,,0,,,,,,,0,,,,,,,,,,0,,,,0,0,,,,,,,,,,0,0,0,,0,,0,,,,,,,,
224,"SST-2011 JV-InvitationalMeet-Jan22-11","01/22/11 00:00:00","01/22/11 00:00:00","01/22/11 00:00:00",,"YO",,,,0,,,0,0,0,"WARF",0,,0,0,0,0,0,,0,0,0,,,0,0,0,,,,,0,,,,,,,0,,,,,,,,,,0,,,,0,0,,,,,,,,,,0,0,0,,0,,0,,,,,,,,
227,"SST-2011 Varsity-Meet-Jan22-11","01/22/11 00:00:00","01/22/11 00:00:00","01/22/11 00:00:00",,"YO",,,,0,,,0,0,0,"WARF",0,,0,0,0,0,0,,0,0,0,,,0,0,0,,,,,0,,,,,,,0,,,,,,,,,,0,,,,0,0,,,,,,,,,,0,0,0,,0,,0,,,,,,,,
228,"2011 DAC Championship Meet","02/12/11 00:00:00","02/12/11 00:00:00","02/12/11 00:00:00",,"YO",,0,0,0,,,2,3,4,"St. Michael the Archangel",0,0,0,0,0,0,0,,0,0,0,,,0,0,0,,,,,0,,,,,,,0,,,,,,,,,,0,,,,0,0,,,,,,,,,,0,0,0,,0,,0,,,,,,,,
229,"2011 VSIS Division II Invitational","02/05/11 00:00:00","02/05/11 00:00:00","02/05/11 00:00:00",,"YO",,0,0,0,,,0,0,0,"Freedom Center",0,0,0,0,0,0,0,,0,0,0,,,0,0,0,,,,,0,,,,,,,0,,,,,,,,,,0,,,,0,0,,,,,,,,,,0,0,0,,0,,0,,,,,,,,
231,"2011 Time Trials","11/18/11 00:00:00","11/18/11 00:00:00","11/18/11 00:00:00",,"YO",,,,0,,,0,0,0,"WARF",0,,0,0,0,0,0,,0,0,0,,,0,0,0,,,"11/18/11 00:00:00",,0,,,,,,,0,,,,,,,,,,0,,,,0,0,,,,,,,,,,0,0,0,,0,,0,,,,,,,,
233,"Seton Icebreaker Invitational","12/03/11 00:00:00","12/03/11 00:00:00",,,"Y",,0,0,0,"HS",,,,,"Freedom Aquatic and Fitness Center",0,0,0,0,0,0,0,,0,0,0,,,0,0,0,0,,,,0,,,,,,,0,,,,,,,,,,0,,,,0,0,,,,,,,,,,0,0,0,,0,,0,,,,,,,,
235,"SST Swim Meet 12-10-11","12/10/11 00:00:00","12/10/11 00:00:00","12/10/11 00:00:00",,"YO",,,,0,,,0,0,0,"Freedom Center",0,,0,0,0,0,0,,0,0,0,,,0,0,0,,,"12/10/11 00:00:00",,0,,,,,,,0,,,,,,,,,,0,,,,0,0,,,,,,,,,,0,0,0,,0,,0,,,,,,,,
236,"SST Swim Meet 12-17-11","12/17/11 00:00:00","12/17/11 00:00:00","12/17/11 00:00:00",,"YO",,,,0,,,0,0,0,"Freedom Center",0,,0,0,0,0,0,,0,0,0,,,0,0,0,,,"12/17/11 00:00:00",,0,,,,,,,0,,,,,,,,,,0,,,,0,0,,,,,,,,,,0,0,0,,0,,0,,,,,,,,
238,"2012 National Catholic HS Champs","01/28/12 00:00:00","01/29/12 00:00:00",,,"Y",,0,0,0,,,,,,,0,0,0,0,0,0,0,,0,0,0,,,0,0,0,0,,,,0,,,,,,,0,,,,,,,,,,0,,,,0,0,,,,,,,,,,0,0,0,,0,,0,,,,,,,,
239,"SST-2012 JV-InvitationalMeet-Jan21-12","01/21/12 00:00:00","01/21/12 00:00:00","01/21/12 00:00:00",,"YO",,0,0,0,,,3,3,5,"WARF",0,0,0,0,0,0,0,,0,0,0,,,0,0,0,0,,"01/21/12 00:00:00",,0,,,,,,,0,,,,,,,,,,0,,,,0,0,,,,,,,,,,0,0,0,,0,,0,,,,,,,,
240,"2012 VSIS Division II Invitational","02/04/12 00:00:00","02/04/12 00:00:00","02/04/12 00:00:00",,"Y",,0,0,0,,,0,0,0,"Freedom Center",0,0,0,0,0,0,0,,0,0,0,,,0,0,0,0,,"02/04/12 00:00:00",,0,,,,,,,0,,,,,,,,,,0,,,,0,0,,,,,,,,,,0,0,0,,0,,0,,,,,,,,
242,"2012 NOVA Catholic Invitational","01/07/12 00:00:00","01/07/12 00:00:00","01/07/12 00:00:00",,"YO",,0,0,0,,,0,0,0,"Freedom Center",0,0,0,0,0,0,0,,0,0,0,,,0,0,0,0,,"01/07/12 00:00:00",,0,,,,,,,0,,,,,,,,,,0,,,,0,0,,,,,,,,,,0,0,0,,0,,0,,,,,,,,
243,"SMAHS Invitational","01/14/12 00:00:00","01/14/12 00:00:00","01/14/12 00:00:00",,"YO",,0,0,0,,,0,0,0,"St. Michael the Archangel High School",0,0,0,0,0,0,0,,0,0,0,,,0,0,0,0,,"01/14/12 00:00:00",,0,,,,,,,0,,,,,,,,,,0,,,,0,0,,,,,,,,,,0,0,0,,0,,0,,,,,,,,
244,"SST @ Woodberry-Jan21, 12","01/21/12 00:00:00","01/21/12 00:00:00","01/21/12 00:00:00",,"YO",,0,0,0,,,2,3,4,"Ruffin Memorial Natatorium",0,0,0,0,0,0,0,,0,0,0,,,0,0,0,0,,"01/21/12 00:00:00",,0,,,,,,,0,,,,,,,,,,0,,,,0,0,,,,,,,,,,0,0,0,,0,,0,,,,,,,,
245,"Delaney Athletic Conference Championships","02/11/12 00:00:00","02/11/12 00:00:00","02/11/12 00:00:00",,"Y",,,,0,,,3,3,4,"St. Michael the Archangel High School",0,,0,0,0,0,0,,0,0,0,,,0,0,0,,,"02/11/12 00:00:00",,0,,,,,,,0,,,,,,,,,,0,,,,0,0,,,,,,,,,,0,0,0,,0,,0,,,,,,,,
248,"2012 VSIS Swimming & Diving Championships","02/17/12 00:00:00","02/18/12 00:00:00","02/17/12 00:00:00",,"YO",,,,0,,,2,3,4,"Freedom Aquatic and Fitness Center",0,,0,0,0,0,0,,0,0,0,,,0,0,0,,,"02/03/12 00:00:00",,0,,,,,,,0,,,,,,,,,,0,,,,0,0,,,,,,,,,,0,0,0,,0,,0,,,,,,,,
249,"2012 Time Trials","11/16/12 00:00:00","11/16/12 00:00:00",,,"Y",,0,0,0,,,,,,"Warrenton Aquatic and Recreation Facility ",0,0,0,0,0,0,0,,0,0,0,,,0,0,0,0,,,,0,,,,,,,0,,,,,,,,,,0,,,,0,0,,,,,,,,,,0,0,0,,0,,0,,,,,,,,
250,"Seton Swim Team, Norfolk Academy @ Collegiate","11/30/12 00:00:00","11/30/12 00:00:00","11/30/12 00:00:00",,"YO",,,,0,,,2,3,4,"GRAP Center",0,,0,0,0,0,0,,0,0,0,,,0,0,0,,,"11/28/12 00:00:00",,0,,,,,,,0,,,,,,,,,,0,,,,0,0,,,,,,,,,,0,0,0,,0,,0,,,,,,,,
251,"2013 National Catholic HS Champs","01/26/13 00:00:00","01/27/13 00:00:00",,,"Y",,0,0,0,,,,,,"Villanova University",0,0,0,0,0,0,0,,0,0,0,,,0,0,0,0,,,,0,,,,,,,0,,,,,,,,,,0,,,,0,0,,,,,,,,,,0,0,0,,0,,0,,,,,,,,
252,"2013 VISAA Swimming & Diving Championships","02/15/13 00:00:00","01/16/13 00:00:00",,,"Y",,0,0,0,,,2,3,4,,0,0,0,0,0,0,0,,0,0,0,,,0,0,0,0,,,,0,,,,,,,0,,,,,,,,,,0,,,,0,0,,,,,,,,,,0,0,0,,0,,0,,,,,,,,
253,"SST Swim Meet 12-08-12","12/08/12 00:00:00","12/08/12 00:00:00","12/08/12 00:00:00",,"YO",,0,0,0,,,0,0,0,"Freedom Center",0,0,0,0,0,0,0,,0,0,0,,,0,0,0,0,,"12/08/12 00:00:00",,0,,,,,,,0,,,,,,,,,,0,,,,0,0,,,,,,,,,,0,0,0,,0,,0,,,,,,,,
254,"SST Swim Meet 15-Dec-2012","12/15/12 00:00:00","12/15/12 00:00:00","12/15/12 00:00:00",,"Y",,0,0,0,,,2,3,4,"Freedom Center",0,0,0,0,0,0,0,,0,0,0,,,0,0,0,0,,"12/13/12 00:00:00",,0,,,,,,,0,,,,,,,,,,0,,,,0,0,,,,,,,,,,0,0,0,,0,,0,,,,,,,,
255,"Christmas Spirit Homecoming Meet 22-Dec-2012","12/22/12 00:00:00","12/22/12 00:00:00","12/22/12 00:00:00",,"YO",,,,0,,,2,3,4,"Freedom Center",0,,0,0,0,0,0,,0,0,0,,,0,0,0,,,"12/20/12 00:00:00",,0,,,,,,,0,,,,,,,,,,0,,,,0,0,,,,,,,,,,0,0,0,,0,,0,,,,,,,,
256,"2013 NOVA_Catholic_Invite","01/05/13 00:00:00","01/05/13 00:00:00","01/05/13 00:00:00",,"YO",,,,0,,,2,3,4,"Freedom Center",0,,0,0,0,0,0,,0,0,0,,,0,0,0,,,"01/02/13 00:00:00",,0,,,,,,,0,,,,,,,,,,0,,,,0,0,,,,,,,,,,0,0,0,,0,,0,,,,,,,,
257,"Woodberry Forest Invitational","01/19/13 00:00:00","01/19/13 00:00:00","01/19/13 00:00:00",,"Y",,0,0,0,,,2,3,4,"Ruffin Memorial Natatorium",0,0,0,0,0,0,0,,0,0,0,,,0,0,0,0,,"01/19/13 00:00:00",,0,,,,,,,0,,,,,,,,,,0,,,,0,0,,,,,,,,,,0,0,0,,0,,0,,,,,,,,
258,"2nd Annual Winter Invitational","01/12/13 00:00:00","01/12/13 00:00:00","08/01/12 00:00:00",,"Y",,,,0,,,2,3,4,"SMAHS",0,,0,0,0,0,0,,0,0,0,,,0,0,0,,,"01/12/13 00:00:00",,0,,,,,,,0,,,,,,,,,,0,,,,0,0,,,,,,,,,,0,0,0,,0,,0,,,,,,,,
261,"2013 VSIS Division II Invitational","02/02/13 00:00:00","02/02/13 00:00:00","02/02/13 00:00:00",,"YO",,,,0,,,2,3,4,"Freedom Center",0,,0,0,0,0,0,,0,0,0,,,0,0,0,,,"02/02/13 00:00:00",,0,,,,,,,0,,,,,,,,,,0,,,,0,0,,,,,,,,,,0,0,0,,0,,0,,,,,,,,
262,"Junior Varsity Invitational","01/26/13 00:00:00","01/26/13 00:00:00","01/26/13 00:00:00",,"YO",,,,0,,,3,3,5,"WARF",0,,0,0,0,0,0,,0,0,0,,,0,0,0,,,"01/26/13 00:00:00",,0,,,,,,,0,,,,,,,,,,0,,,,0,0,,,,,,,,,,0,0,0,,0,,0,,,,,,,,
263,"DAC Championship Meet","02/09/13 00:00:00","02/09/13 00:00:00","02/09/13 00:00:00",,"YO",,,,0,,,2,3,4,"St. Michael's  Pool",0,,0,0,0,0,0,,0,0,0,,,0,0,0,,,"02/06/13 00:00:00",,0,,,,,,,0,,,,,,,,,,0,,,,0,0,,,,,,,,,,0,0,0,,0,,0,,,,,,,,
264,"2013 Time Trials","11/15/13 00:00:00","11/15/13 00:00:00",,,"Y",,0,0,0,,,,,,"Warrenton Aquatic and Recreation Facility",0,0,0,0,0,0,0,,0,0,0,,,0,0,0,0,,,,0,,,,,,,0,,,,,,,,,,0,,,,0,0,,,,,,,,,,0,0,0,,0,,0,,,,,,,,
265,"SST @ St. Catherine's-Dec 7, 13","12/07/13 00:00:00","12/07/13 00:00:00","12/07/13 00:00:00",,"Y",,0,0,0,,,2,0,4,"The Kenny Center at St. Catherine's School",0,0,0,0,0,0,0,,0,0,0,,,0,0,0,0,,"12/07/13 00:00:00",,0,,,,,,,0,,,,,,,,,,0,,,,0,0,,,,,,,,,,0,0,0,,0,,0,,,,,,,,
266,"2014 VISAA Swimming & Diving Championships","02/14/14 00:00:00","02/15/14 00:00:00",,"11/30/13 00:00:00","Y",,0,0,0,,,,,,"Freedom Aquatic and Fitness Center",0,0,0,0,0,0,0,,0,0,0,,,0,0,0,0,,,,0,,,,,,,0,,,,,,,,,,0,,,,0,0,,,,,,,,,,0,0,0,,0,,0,,,,,,,,
267,"SST Swim Meet 14-Dec-2013","12/14/13 00:00:00","12/14/13 00:00:00","12/14/13 00:00:00",,"YO",,,,0,,,2,3,4,"Central Park",0,,0,0,0,0,0,,0,0,0,,,0,0,0,,,"12/14/13 00:00:00",,0,,,,,,,0,,,,,,,,,,0,,,,0,0,,,,,,,,,,0,0,0,,0,,0,,,,,,,,
268,"Christmas Spirit Homecoming Meet 21-Dec-2012","12/21/12 00:00:00","12/21/12 00:00:00","12/21/12 00:00:00",,"YO",,,,0,,,2,3,4,"Freedom Center",0,,0,0,0,0,0,,0,0,0,,,0,0,0,,,"12/20/12 00:00:00",,0,,,,,,,0,,,,,,,,,,0,,,,0,0,,,,,,,,,,0,0,0,,0,,0,,,,,,,,
271,"SST Homecoming Swim Meet 21-Dec-2013","12/21/13 00:00:00","12/21/13 00:00:00","12/21/13 00:00:00",,"YO",,,,0,,,2,3,4,"Central Park Aquatic Center",0,,0,0,0,0,0,,0,0,0,,,0,0,0,,,"12/20/13 00:00:00",,0,,,,,,,0,,,,,,,,,,0,,,,0,0,,,,,,,,,,0,0,0,,0,,0,,,,,,,,
272,"SMAHS Jan. 4, 2014 San Gennaro winter Invite","01/04/14 00:00:00","01/04/14 00:00:00","08/27/13 00:00:00",,"YO",,,,0,,,3,3,4,"St. Michael the Archangel High School",0,,0,0,0,0,0,,0,0,0,,,0,0,0,,,"01/04/14 00:00:00",,0,,,,,,,0,,,,,,,,,,0,,,,0,0,,,,,,,,,,0,0,0,,0,,0,,,,,,,,
273,"2014 NoVa Catholic Invitational Championship","01/11/14 00:00:00","01/11/14 00:00:00","01/11/14 00:00:00",,"Y",,,,0,,,2,3,4,"Freedom Aquatic and Fitness Center",0,,0,0,0,0,0,,0,0,0,,,0,0,0,,,"01/11/14 00:00:00",,0,,,,,,,0,,,,,,,,,,0,,,,0,0,,,,,,,,,,0,0,0,,0,,0,,,,,,,,
274,"Seton Invitational - January 18, 2014","01/18/14 00:00:00","01/18/14 00:00:00","01/18/14 00:00:00",,"YO",,,,0,,,2,3,4,"Central Park Aquatic Center",0,,0,0,0,0,0,,0,0,0,,,0,0,0,,,"01/15/14 00:00:00",,0,,,,,,,0,,,,,,,,,,0,,,,0,0,,,,,,,,,,0,0,0,,0,,0,,,,,,,,
275,"2014 Junior Varsity Invitational","01/25/14 00:00:00","01/25/14 00:00:00","01/25/14 00:00:00",,"YO",,0,0,0,,,3,3,5,"Warrenton Aquatic and Recreation Facility",0,0,0,0,0,0,0,,0,0,0,,,0,0,0,0,,"01/20/14 00:00:00",,0,,,,,,,0,,,,,,,,,,0,,,,0,0,,,,,,,,,,0,0,0,,0,,0,,,,,,,,
276,"2014 VISAA Division II Invitational","02/01/14 00:00:00","02/01/14 00:00:00","02/01/14 00:00:00",,"Y",,,,0,,,2,3,4,"Freedom Aquatic and Fitness Center",0,,0,0,0,0,0,,0,0,0,,,0,0,0,,,"02/01/14 00:00:00",,0,,,,,,,0,,,,,,,,,,0,,,,0,0,,,,,,,,,,0,0,0,,0,,0,,,,,,,,
277,"2014 East Coast Catholic Championships","01/26/14 00:00:00","01/26/14 00:00:00","01/26/14 00:00:00",,"Y",,5,15,0,,,2,3,4,"PG Sports & Learning Complex",0,,0,0,0,0,0,,0,0,0,,,0,0,0,,,"01/26/14 00:00:00",,0,,,,,,,0,,,,,,,,,,0,,,,0,0,,,,,,,,,,0,0,0,,0,,0,,,,,,,,
279,"Delaney Athletic Conference Championships","02/08/14 00:00:00","02/08/14 00:00:00","08/31/13 00:00:00",,"Y",,,,0,,,3,3,4,"St. Michael the Archangel High School",0,,0,0,0,0,0,,0,0,0,,,0,0,0,,,"02/08/14 00:00:00",,0,,,,,,,0,,,,,,,,,,0,,,,0,0,,,,,,,,,,0,0,0,,0,,0,,,,,,,,
281,"2014 Time Trials","11/14/14 00:00:00","11/14/14 00:00:00",,,"Y",,0,0,0,"HS",,,,,"Fitch Warrenton Aquatic and Recreation Facili",0,0,0,0,0,0,0,,0,0,0,,,0,0,0,0,,,,0,,,,,,,0,,,,,,,,,,0,,,,0,0,,,,,,,,,,0,0,0,,0,,0,,,,,,,,
284,"SST @ Trinity Episcopal-Dec12,14","12/12/14 00:00:00","12/12/14 00:00:00","12/12/14 00:00:00",,"Y",,0,0,0,,,2,2,4,"CSAC",0,0,0,0,0,0,0,,0,0,0,,,0,0,0,0,,"12/09/14 00:00:00",,0,,,,,,,0,,,,,,,,,,0,,,,0,0,,,,,,,,,,0,0,0,,0,,0,,,,,,,,
285,"Woodberry Forest Relay Carnival","12/06/14 00:00:00","12/06/14 00:00:00","12/06/14 00:00:00","11/01/13 00:00:00","YO",,0,0,0,,,3,4,7,"Ruffin Memorial Natatorium",0,0,0,0,0,0,150,,0,0,0,,,0,0,0,0,,"12/03/14 00:00:00",,0,,,,,,,0,,,,,,,,,,0,,,,0,0,,,,,,,,,,0,0,0,,0,,0,,,,,,,,
286,"Seton Winter Invitational-Jan 17, 2015","01/17/15 00:00:00","01/17/15 00:00:00","01/17/15 00:00:00",,"Y",,,,0,,,2,3,4,"Central Park Aquatic Center",0,,0,0,0,0,0,,0,0,0,,,0,0,0,,,"01/17/15 00:00:00",,0,,,,,,,0,,,,,,,,,,0,,,,0,0,,,,,,,,,,0,0,0,,0,,0,,,,,,,,
287,"National Catholic H.S. Championship 2015","01/24/15 00:00:00","01/25/15 00:00:00","01/24/15 00:00:00","12/04/14 00:00:00","YL",,6,15,0,,,2,3,4,"Mangione Aquatic Center",0,0,0,0,0,0,0,,0,0,0,,,0,0,0,0,,"01/14/15 00:00:00",,0,,,,,,,0,,,,,,,,,,0,,,,0,0,,,,,,,,,,0,0,0,,0,,0,,,,,,,,
288,"Seton Ice Breaker Invitational - Dec 5, 2014","12/05/14 00:00:00","12/05/14 00:00:00","12/05/14 00:00:00","11/01/13 00:00:00","Y",,0,0,0,,,2,3,4,"Central Park Aquatic Center",0,0,0,0,0,0,0,,0,0,0,,,0,0,0,0,,"12/05/14 00:00:00",,0,,,,,,,0,,,,,,,,,,0,,,,0,0,,,,,,,,,,0,0,0,,0,,0,,,,,,,,
289,"2015 NoVa Catholic Invitational Championship","01/10/15 00:00:00","01/10/15 00:00:00","01/10/15 00:00:00",,"Y",,0,0,0,,,2,3,4,"Freedom Aquatic and Fitness Center",0,0,0,0,0,0,0,,0,0,0,,,0,0,0,0,,"01/10/15 00:00:00",,0,,,,,,,0,,,,,,,,,,0,,,,0,0,,,,,,,,,,0,0,0,,0,,0,,,,,,,,
290,"2015 VISAA Swimming & Diving Champs","02/13/15 00:00:00","02/14/15 00:00:00",,"12/04/14 00:00:00","Y",,0,0,0,,,,,,"Collegiate Aquatic Center, Richmond, VA",0,0,0,0,0,0,0,,0,0,0,,,0,0,0,0,,,,0,,,,,,,0,,,,,,,,,,0,,,,0,0,,,,,,,,,,0,0,0,,0,,0,,,,,,,,
291,"Seton Homecoming Invitational - Dec 20, 2014","12/20/14 00:00:00","12/20/14 00:00:00","08/01/14 00:00:00",,"YO",,,,0,,,2,3,4,"Central Park Aquatic Center",0,,0,0,0,0,0,,0,0,0,,,0,0,0,,,"12/17/14 00:00:00",,0,,,,,,,0,,,,,,,,,,0,,,,0,0,,,,,,,,,,0,0,0,,0,,0,,,,,,,,
292,"SMAHS Jan. 3, 2015 San Gennaro Winter Invite","01/03/15 00:00:00","01/03/15 00:00:00","08/27/14 00:00:00",,"YO",,,,0,,,3,3,4,"St. Michael the Archangel High School",0,,0,0,0,0,0,,0,0,0,,,0,0,0,,,"12/31/14 00:00:00",,0,,,,,,,0,,,,,,,,,,0,,,,0,0,,,,,,,,,,0,0,0,,0,,0,,,,,,,,
294,"2015 VISAA Division II Invitational","01/31/15 00:00:00","01/31/15 00:00:00","01/31/15 00:00:00",,"YO",,,,0,,,2,3,4,"Freedom Aquatic and Fitness Center",0,,0,0,0,0,0,,0,0,0,,,0,0,0,,,"01/31/15 00:00:00",,0,,,,,,,0,,,,,,,,,,0,,,,0,0,,,,,,,,,,0,0,0,,0,,0,,,,,,,,
295,"8th Annual VISAA Junior Varsity Invitational","01/24/15 00:00:00","01/24/15 00:00:00","01/24/15 00:00:00",,"YO",,0,0,0,,,3,3,5,"Warrenton Aquatic and Recreation Facility",0,0,0,0,0,0,0,,0,0,0,,,0,0,0,0,,"01/24/15 00:00:00",,0,,,,,,,0,,,,,,,,,,0,,,,0,0,,,,,,,,,,0,0,0,,0,,0,,,,,,,,
297,"JHT Invitational @ Collegiate-Jan16,15","01/16/15 00:00:00","01/16/15 00:00:00","01/16/15 00:00:00",,"Y",,0,0,0,,,0,0,0,"Collegiate School Aquatic Center",0,0,0,0,0,0,0,,0,0,0,,,0,0,0,0,,"01/02/15 00:00:00",,0,,,,,,,0,,,,,,,,,,0,,,,0,0,,,,,,,,,,0,0,0,,0,,0,,,,,,,,
298,"Delaney Athletic Conference Championships","02/07/15 00:00:00","02/07/15 00:00:00","08/01/14 00:00:00",,"YO",,0,0,0,,,3,3,4,"St. Michael the Archangel High School",0,0,0,0,0,0,0,,0,0,0,,,0,0,0,0,,"02/06/15 00:00:00",,0,,,,,,,0,,,,,,,,,,0,,,,0,0,,,,,,,,,,0,0,0,,0,,0,,,,,,,,
300,"2015 Time Trials","11/13/15 00:00:00","11/13/15 00:00:00","11/13/15 00:00:00",,"Y",,0,0,0,,,0,0,0,"WARF",0,0,0,0,0,0,0,,0,0,0,,,0,0,0,0,,"11/13/15 00:00:00",,0,,,,,,,0,,,,,,,,,,0,,,,0,0,,,,,,,,,,0,0,0,,0,,0,,,,,,,,
301,"Seton Icebreaker Invitational - Dec 4, 2015","12/04/15 00:00:00","12/04/15 00:00:00","08/01/15 00:00:00",,"Y",,0,0,0,,,2,3,4,"Central Park Aquatic Center",0,0,0,0,0,0,0,,0,0,0,,,0,0,0,0,,"12/03/15 00:00:00",,0,,,,,,,0,,,,,,,,,,0,,,,0,0,,,,,,,,,,0,0,0,,0,,0,,,,,,,,
302,"Seton Homecoming Invitational - Dec 19, 2015","12/19/15 00:00:00","12/19/15 00:00:00","08/01/15 00:00:00",,"Y",,0,0,0,,,2,3,4,"Central Park Aquatic Center",0,0,0,0,0,0,0,,0,0,0,,,0,0,0,0,,"12/17/15 00:00:00",,0,,,,,,,0,,,,,,,,,,0,,,,0,0,,,,,,,,,,0,0,0,,0,,0,,,,,,,,
303,"Woodberry Forest Relay Carnival","12/05/15 00:00:00","12/05/15 00:00:00","12/05/15 00:00:00","11/01/14 00:00:00","YO",,0,0,0,,,3,4,7,"Ruffin Memorial Natatorium",0,0,0,0,0,0,0,,0,0,0,,,0,0,0,0,,"12/02/15 00:00:00",,0,,,,,,,0,,,,,,,,,,0,,,,0,0,,,,,,,,,,0,0,0,,0,,0,,,,,,,,
305,"Fork Union Christmas Invite","12/12/15 00:00:00","12/12/15 00:00:00","12/12/15 00:00:00","11/01/13 00:00:00","S",,0,0,0,,,2,3,4,"Estes Aquatic Center",0,0,0,0,0,0,0,,0,0,0,,,0,0,0,0,,"11/29/15 00:00:00",,0,,,,,,,0,,,,,,,,,,0,,,,0,0,,,,,,,,,,0,0,0,,0,,0,,,,,,,,
306,"2015 Time Trials - Meters","11/13/15 00:00:00","11/13/15 00:00:00",,,"S",,0,0,0,,,,,,,0,0,0,0,0,0,0,,0,0,0,,,0,0,0,0,,,,0,,,,,,,0,,,,,,,,,,0,,,,0,0,,,,,,,,,,0,0,0,,0,,0,,,,,,,,
308,"Seton Winter Invitational - Jan 23, 2016","01/23/16 00:00:00","01/23/16 00:00:00","01/23/16 00:00:00","11/01/15 00:00:00","YO",,,,0,,,2,3,4,"Central Park Aquatic Center",0,,0,0,0,0,0,,0,0,0,,,0,0,0,,,"01/23/16 00:00:00",,0,,,,,,,0,,,,,,,,,,0,,,,0,0,,,,,,,,,,0,0,0,,0,,0,,,,,,,,
309,"9th Annual VISAA Junior Varsity Invitational","01/30/16 00:00:00","01/30/16 00:00:00","01/30/16 00:00:00",,"Y",,,,0,,,3,3,5,"Warrenton Aquatic and Recreation Facility",0,,0,0,0,0,0,,0,0,0,,,0,0,0,,,"01/30/16 00:00:00",,0,,,,,,,0,,,,,,,,,,0,,,,0,0,,,,,,,,,,0,0,0,,0,,0,,,,,,,,
310,"10th Annual VISAA Division II Invitational","02/06/16 00:00:00","02/06/16 00:00:00","02/06/16 00:00:00","11/01/15 00:00:00","Y",,0,0,0,,,2,3,4,"Freedom Aquatic and Fitness Center",0,0,0,0,0,0,0,,0,0,0,,,0,0,0,0,,"02/06/16 00:00:00",,0,,,,,,,0,,,,,,,,,,0,,,,0,0,,,,,,,,,,0,0,0,,0,,0,,,,,,,,
311,"Winter Invitational January 9, 2016","01/09/16 00:00:00","01/09/16 00:00:00","08/27/15 00:00:00",,"YO",,,,0,,,3,3,4,"St. Michael the Archangel High School",0,,0,0,0,0,0,,0,0,0,,,0,0,0,,,"01/09/16 00:00:00",,0,,,,,,,0,,,,,,,,,,0,,,,0,0,,,,,,,,,,0,0,0,,0,,0,,,,,,,,
312,"2016 NoVa Catholic Invitational Championship","01/16/16 00:00:00","01/16/16 00:00:00","01/16/16 00:00:00",,"Y",,0,0,0,,,2,3,4,"Freedom Aquatic and Fitness Center",0,0,0,0,0,0,0,,0,0,0,,,0,0,0,0,,"01/13/16 00:00:00",,0,,,,,,,0,,,,,,,,,,0,,,,0,0,,,,,,,,,,0,0,0,,0,,0,,,,,,,,
313,"National Catholic H.S. Championship 2016","01/23/16 00:00:00","01/23/16 00:00:00","01/23/16 00:00:00",,"YL",,6,15,0,,,2,3,4,"Mangione Aquatic Center",0,0,0,0,0,0,0,,0,0,0,,,0,0,0,0,,"01/15/16 00:00:00",,0,,,,,,,0,,,,,,,,,,0,,,,0,0,,,,,,,,,,0,0,0,,0,,0,,,,,,,,
316,"2016 DAC Champs","02/13/16 00:00:00","02/13/16 00:00:00",,"11/01/15 00:00:00","Y",,0,0,0,,,2,3,4,"St. Michael the Archangel",0,0,0,0,0,0,0,,0,0,0,,,0,0,0,0,,,,0,,,,,,,0,,,,,,,,,,0,,,,0,0,,,,,,,,,,0,0,0,,0,,0,,,,,,,,
319,"VISAA States 2016","02/19/16 00:00:00","02/20/16 00:00:00","02/19/16 00:00:00","11/01/15 00:00:00","Y",,0,0,0,,,2,3,4,"Christiansburg Aquatic Center",0,0,0,0,0,0,0,,0,0,0,,,0,0,0,0,,"02/14/16 00:00:00",,0,,,,,,,0,,,,,,,,,,0,,,,0,0,,,,,,,,,,0,0,0,,0,,0,,,,,,,,
324,"Seton Ice Breaker Invitational - Dec 2, 2016","12/02/16 00:00:00","12/04/16 00:00:00","08/01/16 00:00:00",,"Y",,,,0,,,2,3,4,"Central Park Aquatic Center",0,,0,0,0,0,0,,0,0,0,,,0,0,0,,,"11/30/16 00:00:00",,0,,,,,,,0,,,,,,,,,,0,,,,0,0,,,,,,,,,,0,0,0,,0,,0,,,,,,,,
325,"Seton Homecoming Invitational - Dec 17, 2016","12/17/16 00:00:00","12/17/16 00:00:00","08/01/16 00:00:00",,"Y",,,,0,,,2,3,4,"Central Park Aquatic Center",0,,0,0,0,0,0,,0,0,0,,,0,0,0,,,"11/30/16 00:00:00",,0,,,,,,,0,,,,,,,,,,0,,,,0,0,,,,,,,,,,0,0,0,,0,,0,,,,,,,,
326,"2016 Time Trials","11/18/16 00:00:00","11/18/16 00:00:00","11/13/16 00:00:00",,"Y",,0,0,0,,,0,0,0,"Fitch WARF",0,0,0,0,0,0,0,,0,0,0,,,0,0,0,0,,"11/13/16 00:00:00",,0,,,,,,,0,,,,,,,,,,0,,,,0,0,,,,,,,,,,0,0,0,,0,,0,,,,,,,,
327,"National Catholic H.S. Championship 2017","01/21/17 00:00:00","01/22/17 00:00:00","01/21/17 00:00:00","11/18/16 00:00:00","YL",,13,16,0,,,2,3,4,"Mangione Aquatic Center",0,0,0,0,0,0,0,,0,0,0,,,0,0,0,0,,"01/13/17 00:00:00",,0,,,,,,,0,,,,,,,,,,0,,,,0,0,,,,,,,,,,0,0,0,,0,,0,,,,,,,,
328,"Wakefield Country Day School Times","11/17/16 00:00:00","11/17/16 00:00:00",,,"Y",,0,0,0,,,,,,,0,0,0,0,0,0,0,,0,0,0,,,0,0,0,0,,,,0,,,,,,,0,,,,,,,,,,0,,,,0,0,,,,,,,,,,0,0,0,,0,,0,,,,,,,,
330,"Renaissance Montessori Times","11/17/16 00:00:00","11/17/16 00:00:00",,,"Y",,0,0,0,,,,,,,0,0,0,0,0,0,0,,0,0,0,,,0,0,0,0,,,,0,,,,,,,0,,,,,,,,,,0,,,,0,0,,,,,,,,,,0,0,0,,0,,0,,,,,,,,
332,"Woodberry Forest Relay Carnival","12/03/16 00:00:00","12/03/16 00:00:00","12/03/16 00:00:00",,"YO",,,,0,,,3,4,7,"Ruffin Memorial Natatorium",0,,0,0,0,0,0,,0,0,0,,,0,0,0,,,"11/30/16 00:00:00",,0,,,,,,,0,,,,,,,,,,0,,,,0,0,,,,,,,,,,0,0,0,,0,,0,,,,,,,,
340,"Trinity Christian Invitational - Dec 10, 2016","12/10/16 00:00:00","12/10/16 00:00:00","08/01/16 00:00:00",,"Y",,,,0,,,2,3,4,"Fitch WARF",0,,0,0,0,0,0,,0,0,0,,,0,0,0,,,"12/10/16 00:00:00",,0,,,,,,,0,,,,,,,,,,0,,,,0,0,,,,,,,,,,0,0,0,,0,,0,,,,,,,,
341,"2017 NoVa Catholic Invitational Championship","01/14/17 00:00:00","01/14/17 00:00:00","01/14/17 00:00:00","11/01/15 00:00:00","Y",,,,0,,,2,3,4,"Freedom Aquatic and Fitness Center",0,,0,0,0,0,0,,0,0,0,,,0,0,0,,,"01/14/17 00:00:00",,0,,,,,,,0,,,,,,,,,,0,,,,0,0,,,,,,,,,,0,0,0,,0,,0,,,,,,,,
342,"Highland School Invitational - Jan 6, 2017","01/06/17 00:00:00","01/06/17 00:00:00","01/06/17 00:00:00",,"Y",,,,0,,,2,3,4,"Fitch Warrenton Aquatic and Fitness Center",0,,0,0,0,0,0,,0,0,0,,,0,0,0,,,"01/06/17 00:00:00",,0,,,,,,,0,,,,,,,,,,0,,,,0,0,,,,,,,,,,0,0,0,,0,,0,,,,,,,,
344,"VISAA States 2017","02/17/17 00:00:00","02/18/17 00:00:00","08/01/16 00:00:00","11/01/16 00:00:00","YL",,0,0,0,,,2,3,4,"Christiansburg Aquatic Center",0,0,0,0,0,0,0,,0,0,0,,,0,0,0,0,,"02/15/17 00:00:00",,0,,,,,,,0,,,,,,,,,,0,,,,0,0,,,,,,,,,,0,0,0,,0,,0,,,,,,,,
345,"Seton Winter Invitational - January 21, 2017","01/21/17 00:00:00","01/21/17 00:00:00","01/21/17 00:00:00",,"Y",,,,0,,,2,3,4,"Fitch Warrenton Aquatic & Recreation Facility",0,,0,0,0,0,0,,0,0,0,,,0,0,0,,,"01/21/17 00:00:00",,0,,,,,,,0,,,,,,,,,,0,,,,0,0,,,,,,,,,,0,0,0,,0,,0,,,,,,,,
346,"FA_Steward_Wakefield_Highland_RMA_ TC","01/27/17 00:00:00","01/27/17 00:00:00","11/14/16 00:00:00",,"S",,0,0,0,,,2,3,4,"Fredericksburg Academy",0,0,0,0,0,0,0,,0,0,0,,,0,0,0,0,,"01/26/17 00:00:00",,0,,,,,,,0,,,,,,,,,,0,,,,0,0,,,,,,,,,,0,0,0,,0,,0,,,,,,,,
347,"11th Annual VISAA Division II Invitational","02/04/17 00:00:00","02/04/17 00:00:00","02/04/17 00:00:00","11/01/15 00:00:00","Y",,,,0,,,2,3,4,"Freedom Aquatic and Fitness Center",0,,0,0,0,0,0,,0,0,0,,,0,0,0,,,"02/04/17 00:00:00",,0,,,,,,,0,,,,,,,,,,0,,,,0,0,,,,,,,,,,0,0,0,,0,,0,,,,,,,,
348,"10th Annual VISAA Junior Varsity Invitational","01/28/17 00:00:00","01/28/17 00:00:00","01/28/17 00:00:00",,"Y",,,,0,,,3,3,5,"Warrenton Aquatic and Recreation Facility",0,,0,0,0,0,0,,0,0,0,,,0,0,0,,,"01/28/17 00:00:00",,0,,,,,,,0,,,,,,,,,,0,,,,0,0,,,,,,,,,,0,0,0,,0,,0,,,,,,,,
349,"DAC Championship 2017","02/11/17 00:00:00","02/11/17 00:00:00","08/01/16 00:00:00","10/01/16 00:00:00","Y",,,,0,,,2,3,4,"Warrenton Acquatic & Rec Facility (WARF)",0,,0,0,0,0,0,,0,0,0,,,0,0,0,,,"02/11/17 00:00:00",,0,,,,,,,0,,,,,,,,,,0,,,,0,0,,,,,,,,,,0,0,0,,0,,0,,,,,,,,
351,"2017 Time Trials","11/17/17 00:00:00","11/17/17 00:00:00",,,"Y",,0,0,0,"HS",,,,,"Warrenton Aquatic and Recreation Facility",0,0,0,0,0,0,0,,0,0,0,,,0,0,0,0,,"11/17/17 00:00:00",,0,0,0,0,0,0,0,0,,,"Warrenton","VA","20186","USA",3,,,0,"11/17/17 00:00:00",,,1,0,0,,,,,,,,,0,0,0,0,0,,0,,,,,,,,
353,"Dec. 2nd STC Invitational","12/02/17 00:00:00","12/02/17 00:00:00","12/02/17 00:00:00",,"Y",,0,0,0,,,2,3,4,"St. Catherine's Kenny Center",0,0,0,0,0,0,0,,0,0,0,,,0,0,0,0,,"12/02/17 00:00:00",,0,0,0,0,0,0,0,0,,,"Richmond","VA","23226","USA",3,,,0,"11/30/17 00:00:00",,,1,0,0,,,,,,,,,0,0,0,0,0,,0,,,,,,,,
354,"Seton Ice Breaker Invitational - Dec 9, 2017","12/09/17 00:00:00","12/09/17 00:00:00","12/09/17 00:00:00",,"Y",,0,0,0,,,2,3,4,"Central Park Aquatic Center",0,0,0,0,0,0,0,,0,0,0,,,0,0,0,0,,"12/09/17 00:00:00",,0,0,0,0,0,0,0,0,"10371 Central Park Drive",,"Manassas","VA","20110","USA",3,,,0,"12/09/17 00:00:00",,,1,0,0,,,,,,,,,0,0,0,0,0,,0,,,,,,,,
355,"Seton Homecoming Invitational - Dec 16, 2017","12/16/17 00:00:00","12/16/17 00:00:00","12/16/17 00:00:00",,"Y",,0,0,0,,,2,3,4,"Central Park Aquatic Center",0,0,0,0,0,0,0,,0,0,0,,,0,0,0,0,,"12/16/17 00:00:00",,0,0,0,0,0,0,0,0,"10371 Central Park Drive",,"Manassas","VA","20110","USA",3,,,0,"12/15/17 00:00:00",,,1,0,0,,,,,,,,,0,0,0,0,0,,0,,,,,,,,
356,"Seton Winter Invitational - Jan 20, 18","01/20/18 00:00:00","01/20/18 00:00:00","01/20/18 00:00:00",,"Y",,0,0,0,,,2,3,4,"Central Park Aquatic Center",0,0,0,0,0,0,0,,0,0,0,,,0,0,0,0,,"01/20/18 00:00:00",,0,0,0,0,0,0,0,0,"10371 Central Park Drive",,"Manassas","VA","20110","USA",3,,,0,"01/18/18 00:00:00",,,1,0,0,,,,,,,,,0,0,0,0,0,,0,,,,,,,,
357,"2018 NoVa Catholic Invitational Championship","01/13/18 00:00:00","01/13/18 00:00:00","01/13/18 00:00:00","11/01/15 00:00:00","Y",,0,0,0,,,2,3,4,"Freedom Aquatic and Fitness Center",0,0,0,0,0,0,0,,0,0,0,,,0,0,0,0,,"01/13/18 00:00:00",,0,0,0,0,0,0,0,0,"9100 Freedom Center Blvd",,"Manassas","VA","20110","USA",3,,,0,"01/10/18 00:00:00",,,1,0,0,,,,,,,,,0,0,0,0,0,,0,,,,,,,,
358,"11th Annual VISAA Junior Varsity Invitational","01/27/18 00:00:00","01/27/18 00:00:00","01/27/18 00:00:00",,"Y",,0,0,0,,,3,3,5,"Warrenton Aquatic and Recreation Facility",0,0,0,0,0,0,0,,0,0,0,,,0,0,0,0,,"01/27/18 00:00:00",,0,0,0,0,0,0,0,0,"PO Box 1247",,"Warrenton","VA","20186","USA",3,,,0,"01/22/18 00:00:00",,,1,0,0,,,,,,,,,0,0,0,0,0,,0,,,,,,,,
359,"12th Annual VISAA Division II Invitational","02/03/18 00:00:00","02/03/18 00:00:00","02/03/18 00:00:00","11/01/15 00:00:00","Y",,0,0,0,,,2,3,4,"Freedom Aquatic and Fitness Center",0,0,0,0,0,0,0,,0,0,0,,,0,0,0,0,,"02/03/18 00:00:00",,0,0,0,0,0,0,0,0,"9100 Freedom Center Blvd",,"Manassas","VA","20110","USA",3,,,0,"01/30/18 00:00:00",,,1,0,0,,,,,,,,,0,0,0,0,0,,0,,,,,,,,
360,"National Catholic H.S. Championship 2018","01/20/18 00:00:00","01/21/18 00:00:00",,"12/01/17 00:00:00","Y",,0,0,0,,,2,3,4,"Mangione Aquatic Center, Loyola University",0,0,0,0,0,0,0,,0,0,0,,,0,0,0,0,,"01/20/18 00:00:00",,0,0,0,0,0,0,0,0,,,"Baltimore","MD","21210","USA",3,,,0,"01/15/18 00:00:00",,,1,0,0,,,,,,,,,0,0,0,0,0,,0,,,,,,,,
362,"Highland Invitational-Relays","01/06/18 00:00:00","01/06/18 00:00:00","01/06/18 00:00:00",,"Y",,0,0,0,,,2,3,4,"Fitch WARF",0,0,0,0,0,0,0,,0,0,0,,,0,0,0,0,,"01/03/18 00:00:00",,0,0,0,0,0,0,0,0,,,"Warrenton","VA","20110","USA",3,,,0,,,,1,0,0,,,,,,,,,0,0,0,0,0,,0,,,,,,,,
364,"Highland Invitational - Jan 06, 2018","01/06/18 00:00:00","01/06/18 00:00:00","01/06/18 00:00:00",,"Y",,0,0,0,,,2,3,4,"Fitch WARF",0,0,0,0,0,0,0,,0,0,0,,,0,0,0,0,,"01/03/18 00:00:00",,0,0,0,0,0,0,0,0,,,"Warrenton","VA","20110","USA",3,,,0,"01/03/18 00:00:00",,,1,0,0,,,,,,,,,0,0,0,0,0,,0,,,,,,,,
365,"2018 VISAA Swimming & Diving Championship","02/16/18 00:00:00","02/17/18 00:00:00","02/16/18 00:00:00","11/01/17 00:00:00","YS",,0,0,0,,,2,3,4,"Jeff Rouse Swim and Sport Center",0,0,0,0,0,0,0,,0,0,0,,,0,0,0,0,,"02/11/18 00:00:00",,0,0,0,0,0,0,0,0,"1600 Mine Road",,"Stafford","VA","22554","USA",3,,,0,"02/11/18 00:00:00",,,1,0,0,,,,,,,,,0,0,0,0,0,,0,,,,,,,,
367,"2018 DAC Championship Meet","02/10/18 00:00:00","02/10/18 00:00:00","02/10/18 00:00:00","11/01/17 00:00:00","Y",,,,0,,,2,3,4,"Warrenton Aquatic and Recreation Facility",0,,0,0,0,0,0,,0,0,0,,,0,0,0,,,"02/10/18 00:00:00",,0,,,,,,,0,"800 Waterloo Road",,"Warrenton","VA","22186","USA",3,,,0,"02/05/18 00:00:00",,,0,0,,,,,,,,,,0,0,0,,0,,0,,,,,,,,
369,"2018 Time Trials","11/16/18 00:00:00","11/16/18 00:00:00","11/16/18 00:00:00",,"Y",,0,0,0,,,0,0,0,"Fitch WARF",0,0,0,0,0,0,0,,0,0,0,,,0,0,0,0,,"11/16/18 00:00:00",,0,0,0,0,0,0,0,0,,,"Warrenton","VA","20186","USA",3,,,0,"11/16/18 00:00:00",,,1,0,0,,,,,,,,,0,0,0,0,0,,0,,,,,,,,
370,"Seton Icebreaker Invitational - Dec 8, 2018","12/08/18 00:00:00","12/08/18 00:00:00","12/08/18 00:00:00",,"Y",,0,0,0,,,2,3,4,"Freedom Aquatic and Fitness Center",0,0,0,0,0,0,0,,0,0,0,,,0,0,0,0,,"12/08/18 00:00:00",,0,0,0,0,0,0,0,0,"10900 University Boulevard",,"Manassas","VA","20110","USA",3,,,0,"12/07/18 00:00:00",,,1,0,0,,,,,,,,,0,0,0,0,0,,0,,,,,,,,
372,"Dec. 1st STC Invitational","12/01/18 00:00:00","12/01/18 00:00:00","12/01/18 00:00:00",,"Y",,0,0,0,,,2,3,4,"St. Catherine's Kenny Center",0,0,0,0,0,0,0,,0,0,0,,,0,0,0,0,,"12/01/18 00:00:00",,0,0,0,0,0,0,0,0,,,"Richmond","VA","23226","USA",3,,,0,"11/29/18 00:00:00",,,1,0,0,,,,,,,,,0,0,0,0,0,,0,,,,,,,,
373,"National Catholic H.S. Championship 2018","01/19/19 00:00:00","01/20/19 00:00:00",,,"Y",,0,0,0,,,,,,"Mangione Aquatic Center, Loyola University",0,0,0,0,0,0,0,,0,0,0,,,0,0,0,0,,"01/19/19 00:00:00",,0,0,0,0,0,0,0,0,"4900 N Charles Street",,"Baltimore","MD","21210","USA",3,,,0,"01/14/19 00:00:00",,,1,0,0,,,,,,,,,0,0,0,0,0,,0,,,,,,,,
375,"Woodberry Invitational","12/15/18 00:00:00","12/15/18 00:00:00","12/15/18 00:00:00",,"YO",,0,0,15,,,2,3,4,"Aquatic and Fitness Center",0,0,0,0,0,0,0,,0,0,0,,,0,0,0,0,,"12/11/18 00:00:00",,0,0,0,15,0,0,0,0,"University of Virginia","450 Whitehead Rd.","Charlottesville","VA","22904","USA",3,,,0,"12/12/18 00:00:00",,,1,0,0,,,,,,,,,0,0,0,0,0,,0,,,,,,,,
376,"Highland Invitational - Jan 05, 2019","01/05/19 00:00:00","01/05/19 00:00:00","01/05/19 00:00:00",,"YO",,0,0,0,,,2,3,4,"Fitch WARF",0,0,0,0,0,0,0,,0,0,0,,,0,0,0,0,,"01/03/19 00:00:00",,0,0,0,0,0,0,0,0,,,"Warrenton","VA","20110","USA",3,,,0,"01/03/19 00:00:00",,,1,0,0,,,,,,,,,0,0,0,0,0,,0,,,,,,,,
377,"TCS USA Times 2018","12/01/18 00:00:00","12/01/18 00:00:00",,,"Y",,0,0,0,,,,,,"USA Swim Meets",0,0,0,0,0,0,0,,0,0,0,,,0,0,0,0,,"12/01/18 00:00:00",,0,0,0,0,0,0,0,0,,,"Fairfax","VA","22306","USA",3,,,0,,,,1,0,0,,,,,,,,,0,0,0,0,0,,0,,,,,,,,
378,"TCS at Trinity Episcopal","12/14/18 00:00:00","12/14/18 00:00:00",,,"YO",,0,0,0,,,,,,"Trinity Episcopal School",0,0,0,0,0,0,0,,0,0,0,,,0,0,0,0,,"12/14/18 00:00:00",,0,0,0,0,0,0,0,0,,,"Richmond","VA","23231","USA",3,,,0,,,,1,0,0,,,,,,,,,0,0,0,0,0,,0,,,,,,,,
379,"2019 NoVa Catholic Invitational Championship","01/12/19 00:00:00","01/12/19 00:00:00","01/12/19 00:00:00",,"Y",,0,0,0,,,2,3,4,"Freedom Aquatic and Fitness Center",0,0,0,0,0,0,0,,0,0,0,,,0,0,0,0,,"01/12/19 00:00:00",,0,0,0,0,0,0,0,0,"9100 Freedom Center Blvd",,"Manassas","VA","20110","USA",3,,,0,"01/09/19 00:00:00",,,1,0,0,,,,,,,,,0,0,0,0,0,,0,,,,,,,,
380,"13th Annual VISAA Division II Invitational","02/02/19 00:00:00","02/02/19 00:00:00","02/02/19 00:00:00","11/01/15 00:00:00","Y",,0,0,0,,,2,3,4,"Freedom Aquatic and Fitness Center",0,0,0,0,0,0,0,,0,0,0,,,0,0,0,0,,"02/02/19 00:00:00",,0,0,0,0,0,0,0,0,"9100 Freedom Center Blvd",,"Manassas","VA","20110","USA",3,,,0,"01/27/19 00:00:00",,,1,0,0,,,,,,,,,0,0,0,0,0,,0,,,,,,,,
381,"12th Annual VISAA Junior Varsity Invitational","01/26/19 00:00:00","01/26/19 00:00:00","01/26/19 00:00:00",,"Y",,0,0,0,,,3,3,5,"Warrenton Aquatic and Recreation Facility",0,0,0,0,0,0,0,,0,0,0,,,0,0,0,0,,"01/26/19 00:00:00",,0,0,0,0,0,0,0,0,"PO Box 1247",,"Warrenton","VA","20186","USA",3,,,0,"01/25/19 00:00:00",,,1,0,0,,,,,,,,,0,0,0,0,0,,0,,,,,,,,
382,"National Catholic H.S. Championship 2019","01/19/19 00:00:00","01/20/19 00:00:00","01/19/19 00:00:00",,"Y",,,,,,,,,,"Mangione Aquatic Center",0,,0,0,,,,,0,0,0,,,0,0,0,,,,,0,,,,,,,0,,,,,,,,,,0,,,,0,0,,,,,,,,,,0,0,0,,0,,0,,,,,,,,
383,"2019 DAC Championship Meet-Mock Meet","02/09/19 00:00:00","02/09/19 00:00:00","02/09/19 00:00:00","11/01/18 00:00:00","Y",,0,0,0,,,2,3,4,"Warrenton Aquatic and Recreation Facility",0,0,0,0,0,0,0,,0,0,0,,,0,0,0,0,,"02/09/19 00:00:00",,0,0,0,0,0,0,0,0,"800 Waterloo Road",,"Warrenton","VA","22186","USA",3,,,0,"02/06/19 00:00:00",,,1,0,0,,,,,,,,,0,0,0,0,0,,0,,,,,,,,
384,"2019 VISAA Swimming & Diving Championship","02/15/19 00:00:00","02/16/19 00:00:00","08/01/18 00:00:00","11/01/18 00:00:00","Y",,6,30,5,,,2,3,4,"Jeff Rouse Swim and Sport Center",0,0,0,0,0,0,0,,0,0,0,,,0,0,0,0,,"02/10/19 00:00:00",,0,6,30,5,0,0,0,0,"1600 Mine Road",,"Stafford","VA","22554","USA",3,,,0,"02/10/19 00:00:00",,,1,0,0,,,,,,,,,0,0,0,0,0,,0,,,,,,,,
385,"DAC Times from Previous Meets","01/01/19 00:00:00","01/01/19 00:00:00",,,"Y",,0,0,0,,,,,,"Anywhere",0,0,0,0,0,0,0,,0,0,0,,,0,0,0,0,,"01/01/19 00:00:00",,0,0,0,0,0,0,0,0,,,"Manassas","VA","20110","USA",3,,,0,,,,1,0,0,,,,,,,,,0,0,0,0,0,,0,,,,,,,,
387,"Seton Winter Invitational-Jan19,19","01/19/19 00:00:00","01/19/19 00:00:00","01/19/19 00:00:00",,"Y",,0,0,0,,,,,,"Freedom Aquatic and Fitness Center",0,0,0,0,0,0,0,,0,0,0,,,0,0,0,0,,"01/19/19 00:00:00",,0,0,0,0,0,0,0,0,,,"Manassas","VA","20110","USA",3,,,0,,,,1,0,0,,,,,,,,,0,0,0,0,0,,0,,,,,,,,
388,"2019 DAC Championship Meet","02/09/19 00:00:00","02/09/19 00:00:00","02/09/19 00:00:00","11/01/18 00:00:00","Y",,0,0,0,,,2,3,4,"Warrenton Aquatic and Recreation Facility",0,0,0,0,0,0,0,,0,0,0,,,0,0,0,0,,"02/09/19 00:00:00",,0,0,0,0,0,0,0,0,"800 Waterloo Road",,"Warrenton","VA","22186","USA",3,,,0,"02/06/19 00:00:00",,,1,0,0,,,,,,,,,0,0,0,0,0,,0,,,,,,,,
389,"2000 VSIS State Championship","02/18/00 00:00:00","02/18/00 00:00:00",,,"Y",,0,0,0,,,,,,"University of Virginia",0,0,0,0,0,0,0,,0,0,0,,,0,0,0,0,,"02/18/00 00:00:00",,0,0,0,0,0,0,0,0,,,"Charlottesville","VA","20188","USA",3,,,0,,,,1,0,0,,,,,,,,,0,0,0,0,0,,0,,,,,,,,
390,"DAC Champs 1999","02/01/99 00:00:00","02/01/99 00:00:00",,,"Y",,0,0,0,,,,,,"QDD",0,0,0,0,0,0,0,,0,0,0,,,0,0,0,0,,"02/01/99 00:00:00",,0,0,0,0,0,0,0,0,,,"Manassas","VA","20188","USA",3,,,0,,,,1,0,0,,,,,,,,,0,0,0,0,0,,0,,,,,,,,
391,"2019 Time Trials","11/15/19 00:00:00","11/15/19 00:00:00","11/15/19 00:00:00",,"Y",,0,0,0,,,0,0,0,"Fitch WARF",0,0,0,0,0,0,0,,0,0,0,,,0,0,0,0,,"11/15/19 00:00:00",,0,0,0,0,0,0,0,0,,,"Warrenton","VA","20186","USA",3,,,0,"11/15/19 00:00:00",,,1,0,0,,,,,,,,,0,0,0,0,0,,0,,,,,,,,
392,"Seton Icebreaker Invitational","12/14/19 00:00:00","12/14/19 00:00:00","12/14/19 00:00:00",,"Y",,0,0,0,,,2,3,4,"Freedom Aquatic and Fitness Center",0,0,0,0,0,0,0,,0,0,0,,,0,0,0,0,,"12/14/19 00:00:00",,0,0,0,0,0,0,0,0,"10900 University Boulevard",,"Manassas","VA","20110","USA",3,,,0,"12/13/19 00:00:00",,,1,0,0,,,,,,,,,0,0,0,0,0,,0,,1,,,,,,
393,"STC Swim and Dive Invite #1","12/07/19 00:00:00","12/07/19 00:00:00","12/07/19 00:00:00",,"Y",,0,0,0,,,2,3,4,"St. Catherine's Kenny Center",0,0,0,0,0,0,0,,0,0,0,,,0,0,0,0,,"12/07/19 00:00:00",,0,0,0,0,0,0,0,0,"6001 Grove Avenue",,"Richmond","VA","23226","USA",3,,,0,"12/05/19 00:00:00",,,1,0,0,,,,,,,,,0,0,0,0,0,,0,,1,,,,,,
394,"Seton Homecoming Invitational","12/21/19 00:00:00","12/21/19 00:00:00","12/21/19 00:00:00",,"YO",,0,0,0,,,2,3,4,"Freedom Aquatic and Fitness Center",0,0,0,0,0,0,0,,0,0,0,,,0,0,0,0,,"12/21/19 00:00:00",,0,0,0,0,0,0,0,0,"10900 University Boulevard",,"Manassas","VA","20110","USA",3,,,0,"12/18/19 00:00:00",,,1,0,0,,,,,,,,,0,0,0,0,0,,0,,1,,,,,,
395,"2020 NoVa Catholic Invitational Championship","01/11/20 00:00:00","01/11/20 00:00:00","01/11/20 00:00:00",,"YO",,0,0,0,,,2,3,4,"Freedom Aquatic and Fitness Center",0,0,0,0,0,0,0,,0,0,0,,,0,0,0,0,,"01/10/20 00:00:00",,0,0,0,0,0,0,0,0,"9100 Freedom Center Blvd",,"Manassas","VA","20110","USA",3,,,0,"01/09/20 00:00:00",,,1,0,0,,,,,,,,,0,0,0,0,0,,0,,1,,,,,,
396,"Seton Winter Invitational","01/18/20 00:00:00","01/18/20 00:00:00","01/18/20 00:00:00",,"YO",,,,0,,,2,3,4,"Freedom Aquatic and Fitness Center",0,,0,0,0,0,0,,0,0,0,,,0,0,0,,,"01/16/20 00:00:00",,0,,,,,,,0,"10900 University Boulevard",,"Manassas","VA","20110","USA",3,,,0,"01/16/20 00:00:00",,,0,0,,,,,,,,,,0,0,0,,0,,0,,1,,,,,,
397,"13th Annual VISAA Junior Varsity Invitational","01/25/20 00:00:00","01/25/20 00:00:00","01/25/20 00:00:00",,"YO",,0,0,0,,,3,3,5,"Warrenton Aquatic and Recreation Facility",0,0,0,0,0,0,0,,0,0,0,,,0,0,0,0,,"01/25/20 00:00:00",,0,0,0,0,0,0,0,0,"PO Box 1247",,"Warrenton","VA","20186","USA",3,,,0,"01/21/20 00:00:00",,,1,0,0,,,,,,,,,0,0,0,0,0,,0,,1,,,,,,
398,"14th Annual VISAA Division II Invitational","02/01/20 00:00:00","02/01/20 00:00:00","02/01/20 00:00:00","11/01/19 00:00:00","YO",,0,0,0,,,2,3,4,"Freedom Aquatic and Fitness Center",0,0,0,0,0,0,0,,0,0,0,,,0,0,0,0,,"01/29/20 00:00:00",,0,0,0,0,0,0,0,0,"9100 Freedom Center Blvd",,"Manassas","VA","20110","USA",3,,,0,"01/27/20 00:00:00",,,1,0,0,,,,,,,,,0,0,0,0,0,,0,,1,,,,,,
400,"National Catholic H.S. Championship 2020","01/18/20 00:00:00","01/19/20 00:00:00","01/18/20 00:00:00","11/01/19 00:00:00","YL",,15,20,0,,,2,3,4,"Mangione Aquatic Center",0,0,0,0,0,0,0,,0,0,0,,,0,0,0,0,,"01/13/20 00:00:00",,0,15,20,0,0,0,0,0,"4901 N. Charles Street",,"Baltimore","MD","21210","USA",3,,,0,"01/14/20 00:00:00",,,1,0,0,,,,,,,,,0,0,0,0,0,,0,,1,,,,,,
401,"2020 VISAA Swimming & Diving Championship","02/14/20 00:00:00","02/15/20 00:00:00","08/01/19 00:00:00","11/01/19 00:00:00","Y",,6,30,5,,,2,3,4,"Christiansburg Aquatic Center",0,0,0,0,0,0,0,,0,0,1,,,0,0,0,0,,"02/09/20 00:00:00",,0,6,30,5,0,0,0,0,"595 North Franklin St.",,"Christiansburg","VA","24073","USA",3,,,0,"02/10/20 00:00:00",,,1,0,0,,,,,,,,,0,0,0,0,0,,0,,1,,,,,,
402,"Highland Invitational - Jan 04, 2020","01/04/20 00:00:00","01/04/20 00:00:00","01/04/20 00:00:00",,"YO",,0,0,0,,,2,3,4,"Fitch WARF",0,0,0,0,0,0,0,,0,0,0,,,0,0,0,0,,"01/02/20 00:00:00",,0,0,0,0,0,0,0,0,,,"Warrenton","VA","20110","USA",3,,,0,"01/02/20 00:00:00",,,1,0,0,,,,,,,,,0,0,0,0,0,,0,,1,,,,,,
403,"Christmas Time Trials","01/02/20 00:00:00","01/02/20 00:00:00",,,"Y",,0,0,0,,,,,,"Freedom Aquatic and Fitness Center",0,0,0,0,0,0,0,,0,0,0,,,0,0,0,0,,"01/02/20 00:00:00",,0,0,0,0,0,0,0,0,,,"Manassas","VA","20110","USA",3,,,0,,,,1,0,0,,,,,,,,,0,0,0,0,0,,0,,,,,,,,
404,"DAC Meter Times","01/20/20 00:00:00","01/20/20 00:00:00",,,"S",,0,0,0,,,,,,"Fredericksburg Academy",0,0,0,0,0,0,0,,0,0,0,,,0,0,0,0,,"01/20/20 00:00:00",,0,0,0,0,0,0,0,0,,,"Fredericksburg","VA","20000","USA",3,,,0,,,,1,0,0,,,,,,,,,0,0,0,0,0,,0,,,,,,,,
405,"DAC Yard Times","01/20/20 00:00:00","01/20/20 00:00:00",,,"Y",,0,0,0,,,,,,"Fredericksburg Academy",0,0,0,0,0,0,0,,0,0,0,,,0,0,0,0,,"01/20/20 00:00:00",,0,0,0,0,0,0,0,0,,,"Fredericksburg","VA","20000","USA",3,,,0,,,,1,0,0,,,,,,,,,0,0,0,0,0,,0,,,,,,,,
406,"2020 DAC Championship Meet","02/08/20 00:00:00","02/08/20 00:00:00","02/08/20 00:00:00","11/01/19 00:00:00","YO",,0,0,0,,,2,3,4,"Warrenton Aquatic and Recreation Facility",0,0,0,0,0,0,0,,0,0,0,,,0,0,0,0,,"02/03/20 00:00:00",,0,0,0,0,0,0,0,0,"800 Waterloo Road",,"Warrenton","VA","22186","USA",3,,,0,"02/05/20 00:00:00",,,1,0,0,,,,,,,,,0,0,0,0,0,,0,,1,,,,,,
408,"First Day of Practice 2020","11/03/20 00:00:00","11/03/20 00:00:00",,,"Y",,0,0,0,,,,,,"Freedom Center",0,0,0,0,0,0,0,,0,0,0,,,0,0,0,0,,"11/03/20 00:00:00",,0,0,0,0,0,0,0,0,,,"Manassas","VA","20110","USA",3,,,0,,,,1,0,0,,,,,,,,,0,0,0,0,0,,0,,,,,,,,
409,"Seton 2020 Time Trials","11/13/20 00:00:00","11/13/20 00:00:00","11/13/20 00:00:00",,"Y",,0,0,0,,,0,0,0,"Fitch WARF",0,0,0,0,0,0,0,,0,0,0,,,0,0,0,0,,"11/13/20 00:00:00",,0,0,0,0,0,0,0,0,"800 Waterloo Rd",,"Warrenton","VA","20186","USA",3,,,0,"11/12/20 00:00:00",,,1,0,0,,,,,,,,,0,0,0,0,0,,0,,1,,,,,,
412,"Seton Icebreaker Invitational","12/05/20 00:00:00","12/05/20 00:00:00","12/05/20 00:00:00",,"Y",,0,0,0,,,2,3,4,"Freedom Aquatic and Fitness Center",0,0,0,0,0,0,0,,0,0,0,,,0,0,0,0,,"12/05/20 00:00:00",,0,0,0,0,0,0,0,0,"10900 University Boulevard",,"Manassas","VA","20110","USA",3,,,0,"12/07/20 00:00:00",,,1,0,0,,,,,,,,,0,0,0,0,0,,0,,1,,,,,,
413,"Seton December Invitational","12/12/20 00:00:00","12/12/20 00:00:00","12/12/20 00:00:00",,"Y",,0,0,0,,,2,3,4,"Freedom Aquatic and Fitness Center",0,0,0,0,0,0,0,,0,0,0,,,0,0,0,0,,"12/12/20 00:00:00",,0,0,0,0,0,0,0,0,"10900 University Boulevard",,"Manassas","VA","20110","USA",3,,,0,"12/12/20 00:00:00",,,1,0,0,,,,,,,,,0,0,0,0,0,,0,,1,,,,,,
414,"Seton Homecoming Invitational","12/19/20 00:00:00","12/19/20 00:00:00","12/19/20 00:00:00",,"Y",,,,0,,,2,3,4,"Freedom Aquatic and Fitness Center",0,,0,0,0,0,0,,0,0,0,,,0,0,0,,,"12/19/20 00:00:00",,0,,,,,,,0,"10900 University Boulevard",,"Manassas","VA","20110","USA",3,,,0,"12/18/20 00:00:00",,,0,0,,,,,,,,,,0,0,0,,0,,0,,1,,,,,,
416,"Seton DAC Invitational","01/09/21 00:00:00","01/09/21 00:00:00","01/09/21 00:00:00",,"Y",,0,0,0,,,2,3,4,"Freedom Fitness and Aquatic Center",0,0,0,0,0,0,0,,0,0,0,,,0,0,0,0,,"01/07/21 00:00:00",,0,0,0,0,0,0,0,0,"10900 University Boulevard",,"Manassas","VA","20110","USA",3,,,0,"01/09/21 00:00:00",,,1,0,0,,,,,,,,,0,0,0,0,0,,0,,1,,,,,,
418,"2021 NoVa Catholic Invitational Championship","01/16/21 00:00:00","01/16/21 00:00:00","01/16/21 00:00:00",,"YO",,0,0,0,,,2,3,4,"Freedom Aquatic and Fitness Center",0,0,0,0,0,0,0,,0,0,0,,,0,0,0,0,,"01/16/21 00:00:00",,0,0,0,0,0,0,0,0,"9100 Freedom Center Blvd",,"Manassas","VA","20110","USA",3,,,0,"01/15/21 00:00:00",,,1,0,0,,,,,,,,,0,0,0,0,0,,0,,1,,,,,,
419,"Seton Winter Invitational","01/23/21 00:00:00","01/23/21 00:00:00","11/01/20 00:00:00",,"YO",,,,0,,,2,3,4,"Freedom Aquatic and Fitness Center",0,,0,0,0,0,0,,0,0,0,,,0,0,0,,,"01/21/21 00:00:00",,0,,,,,,,0,"10900 University Boulevard",,"Manassas","VA","20110","USA",3,,,0,"01/23/21 00:00:00",,,0,0,,,,,,,,,,0,0,0,,0,,0,,1,,,,,,
421,"15th Annual VISAA Division II Invitational","02/06/21 00:00:00","02/06/21 00:00:00","02/01/21 00:00:00","11/01/20 00:00:00","YO",,0,0,0,,,2,3,4,"Freedom Aquatic and Fitness Center",0,0,0,0,0,0,0,,0,0,0,,,0,0,0,0,,"02/04/21 00:00:00",,0,0,0,0,0,0,0,0,"9100 Freedom Center Blvd",,"Manassas","VA","20110","USA",3,,,0,"02/03/21 00:00:00",,,1,0,0,,,,,,,,,0,0,0,0,0,,0,,1,,,,,,
422,"2021 DAC Championship Meet","02/11/21 00:00:00","02/11/21 00:00:00","02/08/21 00:00:00","11/01/20 00:00:00","YO",,0,0,0,,,2,3,4,"Freedom Aquatic and Fitness Center",0,0,0,0,0,0,0,,0,0,0,,,0,0,0,0,,"02/09/21 00:00:00",,0,0,0,0,0,0,0,0,"10900 University Boulvebard",,"Manassas","VA","20110","USA",3,,,0,"02/08/21 00:00:00",,,1,0,0,,,,,,,,,0,0,0,0,0,,0,,1,,,,,,
423,"Time Trial at Practice","01/21/21 00:00:00","01/21/21 00:00:00",,,"Y",,0,0,0,,,,,,"Freedom Aquatic and Fitness Center",0,0,0,0,0,0,0,,0,0,0,,,0,0,0,0,,"01/21/21 00:00:00",,0,0,0,0,0,0,0,0,,,"Manassas","VA","20110","USA",3,,,0,,,,1,0,0,,,,,,,,,0,0,0,0,0,,0,,,,,,,,
424,"14th Annual VISAA Junior Varsity Invitational","01/30/21 00:00:00","01/30/21 00:00:00","01/30/21 00:00:00",,"YO",,,,0,,,3,4,5,"Freedom Aquatic and Fitness Center",0,,0,0,0,0,0,,0,0,0,,,0,0,0,,,"01/28/21 00:00:00",,0,,,,,,,0,"10900 University Boulevard",,"Manassas","VA","20111","USA",3,,,0,"01/29/21 00:00:00",,,0,0,,,,,,,,,,0,0,0,,0,,0,,1,,,,,,
425,"2021 DAC Championship Meet","02/12/21 00:00:00","02/15/21 00:00:00","02/08/21 00:00:00",,"Y",,,,,,,,,,"Warrenton Aquatic and Recreation Facility",0,,0,0,,,,,0,0,0,,,0,0,0,,,,,0,,,,,,,0,,,,,,,3,,,0,,,,0,0,,,,,,,,,,0,0,0,,0,,0,,,,,,,,
427,"2021 VISAA Swimming & Diving Championship","02/20/21 00:00:00","02/20/21 00:00:00","08/01/20 00:00:00","11/01/20 00:00:00","YS",,6,30,5,,,2,3,4,"Virtual Meet",0,0,0,0,0,0,0,,0,0,1,,,0,0,0,0,,"02/20/21 00:00:00",,0,6,30,5,0,0,0,0,,,"Virtual","VA","00000","USA",3,,,0,"02/20/21 00:00:00",,,1,0,0,,,,,,,,,0,0,0,0,0,,0,,1,,,,,,
428,"1st Day of Practice 2021","11/02/21 00:00:00","11/02/21 00:00:00",,,"Y",,0,0,0,,,,,,"Freedom Center",0,0,0,0,0,0,0,,0,0,0,,,0,0,0,0,,"11/02/21 00:00:00",,0,0,0,0,0,0,0,0,,,"Manassas","VA","20110","USA",3,,,0,,,,1,0,0,,,,,,,,,0,0,0,0,0,,0,,,,,,,,
429,"Seton 2021 Time Trials","11/12/21 00:00:00","11/12/21 00:00:00",,,"Y",,0,0,0,,,,,,"Fitch WARF",0,0,0,0,0,0,0,,0,0,0,,,0,0,0,0,,"11/12/21 00:00:00",,0,0,0,0,0,0,0,0,,,"Warrenton","VA","20186","USA",3,,,0,"11/12/21 00:00:00",,,1,0,0,,,,,,,,,0,0,0,0,0,,0,,1,,,,,,
430,"National Catholic H.S. Championship 2022","01/15/22 00:00:00","01/16/22 00:00:00","01/15/22 00:00:00","11/01/21 00:00:00","YL",,17,25,5,,,2,3,4,"Mangione Aquatic Center",0,0,0,0,0,0,0,,0,0,0,,,0,0,0,0,,"01/10/22 00:00:00",,0,17,25,5,0,0,0,0,"4901 N. Charles Street",,"Baltimore","MD","21210","USA",3,,,0,"01/10/22 00:00:00",,,1,0,0,,,,,,,,,0,0,0,0,0,,0,,1,,,,,,
431,"Seton Icebreaker Invitational","12/04/21 00:00:00","12/04/21 00:00:00","12/04/21 00:00:00",,"YO",,0,0,0,,,2,3,4,"Freedom Aquatic and Fitness Center",0,0,0,0,0,0,0,,0,0,0,,,0,0,0,0,,"12/04/21 00:00:00",,0,0,0,0,0,0,0,0,"10900 University Boulevard",,"Manassas","VA","20110","USA",3,,,0,"12/02/21 00:00:00",,,1,0,0,,,,,,,,,0,0,0,0,0,,0,,1,,,,,,
432,"Seton December Invitational","12/11/21 00:00:00","12/11/21 00:00:00","12/11/21 00:00:00",,"Y",,,,,,,,,,"Freedom Aquatic and Fitness Center",0,,0,0,,,,,0,0,0,,,0,0,0,,,,,0,,,,,,,0,,,,,,,3,,,0,,,,0,0,,,,,,,,,,0,0,0,,0,,0,,,,,,,,
433,"2022 VISAA Swimming & Diving Championship","02/18/22 00:00:00","02/19/22 00:00:00",,"11/01/21 00:00:00","Y",,0,0,0,,,,,,"Claude Moore Recreation Facility",0,0,0,0,0,0,0,,0,0,0,,,0,0,0,0,,"12/11/21 00:00:00",,0,0,0,0,0,0,0,0,,,"Sterling","VA","00000","USA",3,,,0,"02/13/22 00:00:00",,,1,0,0,,,,,,,,,0,0,0,0,0,,0,,1,,,,,,
434,"Seton Homecoming Invitational","12/18/21 00:00:00","12/18/21 00:00:00","12/18/21 00:00:00",,"YO",,,,0,,,2,3,4,"Freedom Aquatic and Fitness Center",0,,0,0,0,0,0,,0,0,0,,,0,0,0,,,"12/18/21 00:00:00",,0,,,,,,,0,"10900 University Boulevard",,"Manassas","VA","20110","USA",3,,,0,"12/18/21 00:00:00",,,0,0,,,,,,,,,,0,0,0,,0,,0,,1,,,,,,
435,"VCAC Invitational","01/08/22 00:00:00","01/08/22 00:00:00","01/08/22 00:00:00","08/01/20 00:00:00","YO",,,,0,,,2,3,4,"Freedom Fitness and Aquatic Center",0,,0,0,0,0,0,,0,0,0,,,0,0,0,,,"01/06/22 00:00:00",,0,,,,,,,0,"10900 University Boulevard",,"Manassas","VA","20110","USA",3,,,0,"01/08/22 00:00:00",,,0,0,,,,,,,,,,0,0,0,,0,,0,,1,,,,,,
436,"Seton Winter Invitational","01/15/22 00:00:00","01/15/22 00:00:00","11/01/20 00:00:00",,"YO",,0,0,0,,,2,3,4,"Freedom Aquatic and Fitness Center",0,0,0,0,0,0,0,,0,0,0,,,0,0,0,0,,"01/13/22 00:00:00",,0,0,0,0,0,0,0,0,"10900 University Boulevard",,"Manassas","VA","20110","USA",3,,,0,"01/14/22 00:00:00",,,1,0,0,,,,,,,,,0,0,0,0,0,,0,,1,,,,,,
437,"2022 NoVa Catholic Invitational Championship","01/22/22 00:00:00","01/22/22 00:00:00","11/01/21 00:00:00","11/01/20 00:00:00","YO",,,,0,,,2,3,4,"Freedom Aquatic and Fitness Center",0,,0,0,0,0,0,,0,0,0,,,0,0,0,,,"01/22/22 00:00:00",,0,,,,,,,0,"9100 Freedom Center Blvd",,"Manassas","VA","20110","USA",3,,,0,"01/22/22 00:00:00",,,0,0,,,,,,,,,,0,0,0,,0,,0,,1,,,,,,
438,"15th Annual VISAA Junior Varsity Invitational","01/29/22 00:00:00","01/29/22 00:00:00","01/29/22 00:00:00",,"YO",,0,0,0,,,3,4,5,"Freedom Aquatic and Fitness Center",0,0,0,0,0,0,0,,0,0,0,,,0,0,0,0,,"01/27/22 00:00:00",,0,0,0,0,0,0,0,0,"10900 University Boulevard",,"Manassas","VA","20111","USA",3,,,0,"01/25/22 00:00:00",,,1,0,0,,,,,,,,,0,0,0,0,0,,0,,1,,,,,,
439,"16th Annual VISAA Division II Invitational","02/05/22 00:00:00","02/05/22 00:00:00","02/01/22 00:00:00","11/01/20 00:00:00","YO",,,,0,,,2,3,4,"Freedom Aquatic and Fitness Center",0,,0,0,0,0,0,,0,0,0,,,0,0,0,,,"02/04/22 00:00:00",,0,,,,,,,0,"9100 Freedom Center Blvd",,"Manassas","VA","20110","USA",3,,,0,"01/31/22 00:00:00",,,0,0,,,,,,,,,,0,0,0,,0,,0,,1,,,,,,
440,"2022 VCAC Championship Meet","02/11/22 00:00:00","02/11/22 00:00:00","02/08/22 00:00:00","11/01/20 00:00:00","YO",,,,0,,,2,3,4,"Warrenton Aquatic and Recreation Facility",0,,0,0,0,0,0,,0,0,0,,,0,0,0,,,"02/08/22 00:00:00",,0,,,,,,,0,"800 Waterloo Rd, Warrenton, VA",,"Warrenton","VA","20186","USA",3,,,0,"02/11/22 00:00:00",,,0,0,,,,,,,,,,0,0,0,,0,,0,,1,,,,,,
441,"2022 VCAC Championship Meet","02/12/22 00:00:00","02/12/22 00:00:00","02/08/22 00:00:00",,"Y",,,,,,,,,,"Warrenton Aquatic and Recreation Facility",0,,0,0,,,,,0,0,0,,,0,0,0,,,,,0,,,,,,,0,,,,,,,3,,,0,,,,0,0,,,,,,,,,,0,0,0,,0,,0,,,,,,,,
442,"1st Day of Practice 2022","11/08/22 00:00:00","11/08/22 00:00:00",,,"Y",,0,0,0,,,,,,"Freedom Center",0,0,0,0,0,0,0,,0,0,0,,,0,0,0,0,,"11/08/22 00:00:00",,0,0,0,0,0,0,0,0,,,"Manassas","VA","20110","USA",3,,,0,,,,1,0,0,,,,,,,,,0,0,0,0,0,,0,,,,,,,,
443,"National Catholic H.S. Championship 2023","01/14/23 00:00:00","01/15/23 00:00:00","01/14/23 00:00:00","11/01/22 00:00:00","YL",,20,30,7.5,,,2,3,4,"Mangione Aquatic Center",0,0,0,0,0,0,0,,0,0,0,,,0,0,0,0,,"01/09/23 00:00:00",,0,20,30,7.5,0,0,0,0,"4901 N. Charles Street",,"Baltimore","MD","21210","USA",3,,,0,"01/09/23 00:00:00",,,1,0,0,,,,,,,,,0,0,0,0,0,,0,,1,,,,,,
444,"Summer Swimming Times","10/31/22 00:00:00","10/31/22 00:00:00",,,"SO",,0,0,0,,,,,,"Various Summer Pools",0,0,0,0,0,0,0,,0,0,0,,,0,0,0,0,,"10/31/22 00:00:00",,0,0,0,0,0,0,0,0,,,"Manassas","VA","20110","USA",3,,,0,,,,1,0,0,,,,,,,,,0,0,0,0,0,,0,,,,,,,,
445,"Seton Time Trials 2022","11/18/22 00:00:00","11/18/22 00:00:00","11/01/22 00:00:00",,"YO",,0,0,0,,,0,0,0,"Fitch WARF",0,0,0,0,0,0,0,,0,0,0,,,0,0,0,0,,"11/17/22 00:00:00",,0,0,0,0,0,0,0,0,"800 Waterloo Rd",,"Warrenton","VA","20186","USA",3,,,0,"11/17/22 00:00:00",,,1,0,0,,,,,,,,,0,0,0,0,0,,0,,1,,,,,,
446,"Seton Icebreaker Invitational","12/03/22 00:00:00","12/03/22 00:00:00","11/01/22 00:00:00",,"YO",,0,0,0,,,2,3,4,"Freedom Aquatic and Fitness Center",0,0,0,0,0,0,0,,0,0,0,,,0,0,0,0,,"11/30/22 00:00:00",,0,0,0,0,0,0,0,0,"10900 University Boulevard",,"Manassas","VA","20110","USA",3,,,0,,,,1,0,0,,,,,,,,,0,0,0,0,0,,0,,,,,,,,
447,"Seton December Invitational","12/10/22 00:00:00","12/10/22 00:00:00","11/01/22 00:00:00",,"YO",,,,0,,,2,3,4,"Freedom Aquatic and Fitness Center",0,,0,0,0,0,0,,0,0,0,,,0,0,0,,,"12/08/22 00:00:00",,0,,,,,,,0,"10900 University Boulevard",,"Manassas","VA","20110","USA",3,,,0,"12/09/22 00:00:00",,,0,0,,,,,,,,,,0,0,0,,0,,0,,1,,,,,,
448,"Seton Homecoming Invitational","12/17/22 00:00:00","12/17/22 00:00:00","11/01/22 00:00:00",,"YO",,,,0,,,2,3,4,"Freedom Aquatic and Fitness Center",0,,0,0,0,0,0,,0,0,0,,,0,0,0,,,"12/15/22 00:00:00",,0,,,,,,,0,"10900 University Boulevard",,"Manassas","VA","20110","USA",3,,,0,"12/17/22 00:00:00",,,0,0,,,,,,,,,,0,0,0,,0,,0,,1,,,,,,
449,"VCAC Invitational","01/07/23 00:00:00","01/07/23 00:00:00","11/01/22 00:00:00","08/01/20 00:00:00","YO",,0,0,0,,,2,3,4,"Freedom Fitness and Aquatic Center",0,0,0,0,0,0,0,,0,0,0,,,0,0,0,0,,"01/05/23 00:00:00",,0,0,0,0,0,0,0,0,"10900 University Boulevard",,"Manassas","VA","20110","USA",3,,,0,"01/06/23 00:00:00",,,1,0,0,,,,,,,,,0,0,0,0,0,,0,,1,,,,,,
450,"Seton Winter Invitational","01/14/23 00:00:00","01/14/23 00:00:00","11/01/22 00:00:00",,"YO",,0,0,0,,,2,3,4,"Freedom Aquatic and Fitness Center",0,0,0,0,0,0,0,,0,0,0,,,0,0,0,0,,"01/11/22 00:00:00",,0,0,0,0,0,0,0,0,"10900 University Boulevard",,"Manassas","VA","20110","USA",3,,,0,"01/14/23 00:00:00",,,1,0,0,,,,,,,,,0,0,0,0,0,,0,,1,,,,,,
451,"500 Free at Practice","01/11/23 00:00:00","01/11/23 00:00:00",,,"Y",,0,0,0,,,,,,"Freedom Center",0,0,0,0,0,0,0,,0,0,0,,,0,0,0,0,,"01/11/23 00:00:00",,0,0,0,0,0,0,0,0,,,"Manassas, VA","VA","20110","USA",3,,,0,,,,1,0,0,,,,,,,,,0,0,0,0,0,,0,,,,,,,,
452,"2023 NoVa Catholic Invitational Championship","01/21/23 00:00:00","01/21/23 00:00:00","11/01/22 00:00:00","11/01/20 00:00:00","YO",,0,0,0,,,2,3,4,"Freedom Aquatic and Fitness Center",0,0,0,0,0,0,0,,0,0,0,,,0,0,0,0,,"01/18/23 00:00:00",,0,0,0,0,0,0,0,0,"9100 Freedom Center Blvd",,"Manassas","VA","20110","USA",3,,,0,"01/19/23 00:00:00",,,1,0,0,,,,,,,,,0,0,0,0,0,,0,,1,,,,,,
455,"16th Annual VISAA Junior Varsity Invitational","01/28/23 00:00:00","01/28/23 00:00:00","11/01/22 00:00:00",,"YO",,0,0,0,,,3,4,5,"Fitch WARF",0,0,0,0,0,0,0,,0,0,0,,,0,0,0,0,,"01/25/23 00:00:00",,0,0,0,0,0,0,0,0,"800 Waterloo Rd",,"Warrenton","VA","20186","USA",3,,,0,"01/25/23 00:00:00",,,1,0,0,,,,,,,,,0,0,0,0,0,,0,,1,,,,,,
460,"1st Day of Practice 2023","11/07/23 00:00:00","11/07/23 00:00:00",,,"Y",,0,0,0,,,,,,"Freedom Aquatic and Fitness Center",0,0,0,0,0,0,0,,0,0,0,,,0,0,0,0,,"11/07/23 00:00:00",,0,0,0,0,0,0,0,0,,,"Manassas","VA","20110","USA",3,,,0,,,,1,0,0,,,,,,,,,0,0,0,0,0,,0,,,,,,,,
456,"17th Annual VISAA Division II Invitational","02/04/23 00:00:00","02/04/23 00:00:00","11/01/22 00:00:00","11/01/20 00:00:00","YO",,0,0,0,,,2,3,4,"Freedom Aquatic and Fitness Center",0,0,0,0,0,0,0,,0,0,0,,,0,0,0,0,,"02/01/23 00:00:00",,0,0,0,0,0,0,0,0,"9100 Freedom Center Blvd",,"Manassas","VA","20110","USA",3,,,0,"01/31/23 00:00:00",,,1,0,0,,,,,,,,,0,0,0,0,0,,0,,1,,,,,,
457,"2023 VCAC Championship Meet","02/11/23 00:00:00","02/11/23 00:00:00","11/01/22 00:00:00","11/01/20 00:00:00","YO",,0,0,0,,,2,3,4,"Warrenton Aquatic and Recreation Facility",0,0,0,0,0,0,0,,0,0,0,,,0,0,0,0,,"02/08/23 00:00:00",,0,0,0,0,0,0,0,0,"800 Waterloo Rd, Warrenton, VA",,"Warrenton","VA","20186","USA",3,,,0,"02/09/23 00:00:00",,,1,0,0,,,,,,,,,0,0,0,0,0,,0,,1,,,,,,
458,"2023 VISAA Swimming & Diving Championship","02/17/23 00:00:00","02/18/23 00:00:00","02/17/23 00:00:00","11/01/22 00:00:00","YS",,6,30,5,,,2,3,4,"Liberty University Natatorium",0,0,0,0,0,0,0,,0,0,1,,,0,0,0,0,,"02/12/23 00:00:00",,0,6,30,5,0,0,0,0,"1521 Liberty Mountain Dr",,"Lynchburg","VA","24515","USA",3,,,0,"02/12/23 00:00:00",,,1,0,0,,,,,,,,,0,0,0,0,0,,0,,1,,,,,,
461,"Seton Time Trials 2023","11/17/23 00:00:00","11/17/23 00:00:00",,,"Y",,0,0,0,,,,,,"Warrenton Aquatic and Recreation Facility",0,0,0,0,0,0,0,,0,0,0,,,0,0,0,0,,"11/17/23 00:00:00",,0,0,0,0,0,0,0,0,,,"Warrenton","VA","20186","USA",3,,,0,"11/17/23 00:00:00",,,1,0,0,,,,,,,,,0,0,0,0,0,,0,,1,,,,,,
462,"Seton Icebreaker Invitational","12/02/23 00:00:00","12/02/23 00:00:00","11/01/23 00:00:00",,"YO",,,,0,,,2,3,4,"Freedom Aquatic and Fitness Center",0,,0,0,0,0,0,,0,0,0,,,0,0,0,,,"11/30/23 00:00:00",,0,,,,,,,0,"10900 University Boulevard",,"Manassas","VA","20110","USA",3,,,0,"12/01/23 00:00:00",,,0,0,,,,,,,,,,0,0,0,,0,,0,,1,,,,,,
463,"TSMV Practice Times","11/17/23 00:00:00","11/17/23 00:00:00",,,"Y",,0,0,0,,,,,,"Providence Rec Center",0,0,0,0,0,0,0,,0,0,0,,,0,0,0,0,,"11/17/23 00:00:00",,0,0,0,0,0,0,0,0,,,"Falls Church","VA","20186","USA",3,,,0,,,,1,0,0,,,,,,,,,0,0,0,0,0,,0,,,,,,,,
464,"National Catholic H.S. Championship 2024","01/13/24 00:00:00","01/14/24 00:00:00",,"11/01/23 00:00:00","YL",,0,0,0,,,2,3,4,"Mangione Aquatic Center",0,0,0,0,0,0,0,,0,0,0,,,0,0,0,0,,"01/13/24 00:00:00",,0,0,0,0,0,0,0,0,"4901 N. Charles Street",,"Baltimore","MD","21210","USA",3,,,0,"01/07/24 00:00:00",,,1,0,0,,,,,,,,,0,0,0,0,0,,0,,1,,,,,,
465,"2024 VISAA Swimming & Diving Championship","02/16/24 00:00:00","02/17/24 00:00:00",,"11/01/23 00:00:00","YL",,0,0,0,,,,,,"Christiansburg Aquatic Center",0,0,0,0,0,0,0,,0,0,0,,,0,0,0,0,,"02/16/23 00:00:00",,0,0,0,0,0,0,0,0,"595 North Franklin St",,"Christiansburg","VA","24073","USA",3,,,0,"02/11/24 00:00:00",,,1,0,0,,,,,,,,,0,0,0,0,0,,0,,1,,,,,,
466,"Winterfest Extravaganza","12/12/23 00:00:00","12/12/23 00:00:00","12/12/23 00:00:00",,"YO",,0,0,0,,,3,2,4,"Hurd Sports Center",0,0,0,0,0,0,0,,0,0,0,,,0,0,0,0,,"12/11/23 00:00:00",,0,0,0,0,0,0,0,0,,,"McLean","VA","22102","USA",3,,,0,"12/10/23 00:00:00",,,1,0,0,,,,,,,,,0,0,0,0,0,,0,,1,,,,,,
467,"Seton December Invitational","12/09/23 00:00:00","12/09/23 00:00:00","11/01/23 00:00:00",,"YO",,0,0,0,,,2,3,4,"Freedom Aquatic and Fitness Center",0,0,0,0,0,0,0,,0,0,0,,,0,0,0,0,,"12/07/23 00:00:00",,0,0,0,0,0,0,0,0,"10900 University Boulevard",,"Manassas","VA","20110","USA",3,,,0,"12/08/23 00:00:00",,,1,0,0,,,,,,,,,0,0,0,0,0,,0,,1,,,,,,
468,"Seton Homecoming Invitational","12/16/23 00:00:00","12/16/23 00:00:00","11/01/23 00:00:00",,"YO",,0,0,0,,,2,3,4,"Freedom Aquatic and Fitness Center",0,0,0,0,0,0,0,,0,0,0,,,0,0,0,0,,"12/14/23 00:00:00",,0,0,0,0,0,0,0,0,"10900 University Boulevard",,"Manassas","VA","20110","USA",3,,,0,"12/16/23 00:00:00",,,1,0,0,,,,,,,,,0,0,0,0,0,,0,,1,,,,,,
470,"Seton Winter Invitational","01/13/24 00:00:00","01/13/24 00:00:00","11/01/23 00:00:00",,"YO",,,,0,,,2,3,4,"Freedom Aquatic and Fitness Center",0,,0,0,0,0,0,,0,0,0,,,0,0,0,,,"01/11/24 00:00:00",,0,,,,,,,0,"10900 University Boulevard",,"Manassas","VA","20110","USA",3,,,0,"01/12/24 00:00:00",,,0,0,,,,,,,,,,0,0,0,,0,,0,,1,,,,,,
471,"2024 NoVa Catholic Invitational Championship","01/20/24 00:00:00","01/20/24 00:00:00","11/01/23 00:00:00","11/01/20 00:00:00","YO",,0,0,0,,,2,3,4,"Freedom Aquatic and Fitness Center",0,0,0,0,0,0,0,,0,0,0,,,0,0,0,0,,"01/18/24 00:00:00",,0,0,0,0,0,0,0,0,"9100 Freedom Center Blvd",,"Manassas","VA","20110","USA",3,,,0,"01/18/24 00:00:00",,,1,0,0,,,,,,,,,0,0,0,0,0,,0,,1,,,,,,
476,"18th Annual VISAA Division II Invitational","02/03/24 00:00:00","02/03/24 00:00:00","11/01/23 00:00:00","11/01/20 00:00:00","YO",,,,0,,,2,3,4,"Freedom Aquatic and Fitness Center",0,,0,0,0,0,0,,0,0,0,,,0,0,0,,,"02/01/24 00:00:00",,0,,,,,,,0,"9100 Freedom Center Blvd",,"Manassas","VA","20110","USA",3,,,0,"01/31/24 00:00:00",,,0,0,,,,,,,,,,0,0,0,,0,,0,,1,,,,,,
478,"VCAC Regular Season Championship","01/06/24 00:00:00","01/06/24 00:00:00","11/01/23 00:00:00",,"YO",,0,0,0,,,2,3,4,"Freedom Aquatic and Fitness Center",0,0,0,0,0,0,0,,0,0,0,,,0,0,0,0,,"01/04/24 00:00:00",,0,0,0,0,0,0,0,0,"10900 University Boulevard",,"Manassas","VA","20110","USA",3,,,0,"01/04/24 00:00:00",,,1,0,0,,,,,,,,,0,0,0,0,0,,0,,1,,,,,,
479,"2024 VCAC Championship Meet","02/10/24 00:00:00","02/10/24 00:00:00","11/01/22 00:00:00","11/01/20 00:00:00","YO",,,,0,,,2,3,4,"Freedom Aquatics and Fitness Center",0,,0,0,0,0,0,,0,0,0,,,0,0,0,,,"02/08/24 00:00:00",,0,,,,,,,0,"9100 Freedom Center Blvd",,"Manassas","VA","20110","USA",3,,,0,"02/07/24 00:00:00",,,0,0,,,,,,,,,,0,0,0,,0,,0,,1,,,,,,
475,"State Top-8 Diving Dual Face-Off","12/15/23 00:00:00","12/15/23 00:00:00","12/15/23 00:00:00","11/01/22 00:00:00","YS",,6,0,5,,,2,3,4,"Freedom Aquatic and Fitness Center",0,0,0,0,0,0,0,,0,0,0,,,0,0,0,0,,"12/15/23 00:00:00",,0,6,0,5,0,0,0,0,,,"Manassas","VA","20110","USA",3,,,0,"12/17/23 00:00:00",,,1,0,0,,,,,,,,,0,0,0,0,0,,0,,1,,,,,,
482,"17th Annual VISAA Junior Varsity Invitational","01/27/24 00:00:00","01/27/24 00:00:00","11/01/23 00:00:00",,"YO",,,,0,,,3,4,5,"Freedom Aquatic and Fitness Center",0,,0,0,0,0,0,,0,0,0,,,0,0,0,,,"01/25/24 00:00:00",,0,,,,,,,0,"10900 University Boulevard",,"Manassas","VA","20110","USA",3,,,0,"01/24/24 00:00:00",,,0,0,,,,,,,,,,0,0,0,,0,,0,,1,,,,,,
483,"1st Day of Practice","11/05/24 00:00:00","11/05/24 00:00:00",,,"Y",,0,0,0,,,,,,"Freedom Aquatic and Fitness Center",0,0,0,0,0,0,0,,0,0,0,,,0,0,0,0,,"11/05/24 00:00:00",,0,0,0,0,0,0,0,0,,,"Manassas","VA","20110","USA",3,,,0,,,,1,0,0,,,,,,,,,0,0,0,0,0,,0,,,,,,,,
484,"Seton Time Trials 2024","11/15/24 00:00:00","11/15/24 00:00:00",,,"Y",,0,0,0,,,,,,"Freedom Aquatic and Fitness Center",0,0,0,0,0,0,0,,0,0,0,,,0,0,0,0,,"11/15/24 00:00:00",,0,0,0,0,0,0,0,0,,,"Manassas","VA","20110","USA",3,,,0,"11/15/24 00:00:00",,,1,0,0,,,,,,,,,0,0,0,0,0,,0,,1,,,,,,
485,"Seton Icebreaker Invitational","12/07/24 00:00:00","12/07/24 00:00:00","11/01/24 00:00:00",,"Y",,0,0,0,,,2,3,4,"Freedom Aquatic and Fitness Center",0,0,0,0,0,0,0,,0,0,0,,,0,0,0,0,,"12/05/24 00:00:00",,0,0,0,0,0,0,0,0,"10900 University Boulevard",,"Manassas","VA","20110","USA",3,,,0,"12/05/24 00:00:00",,,1,0,0,,,,,,,,,0,0,0,0,0,,0,,1,,,,,,
486,"Seton Homecoming","12/21/24 00:00:00","12/21/24 00:00:00","11/01/24 00:00:00",,"YO",,0,0,0,,,2,3,4,"Freedom Aquatic and Fitness Center",0,0,0,0,0,0,0,,0,0,0,,,0,0,0,0,,"12/19/24 00:00:00",,0,0,0,0,0,0,0,0,"10900 University Boulevard",,"Manassas","VA","20110","USA",3,,,0,"12/20/24 00:00:00",,,1,0,0,,,,,,,,,0,0,0,0,0,,0,,1,,,,,,
487,"Seton December Invite","12/14/24 00:00:00","12/14/24 00:00:00","11/01/24 00:00:00",,"YO",,,,0,,,2,3,4,"Freedom Aquatic and Fitness Center",0,,0,0,0,0,0,,0,0,0,,,0,0,0,,,"12/12/24 00:00:00",,0,,,,,,,0,"10900 University Boulevard",,"Manassas","VA","20110","USA",3,,,0,"12/12/24 00:00:00",,,0,0,,,,,,,,,,0,0,0,,0,,0,,1,,,,,,
488,"VCAC Invitational","01/04/25 00:00:00","01/04/25 00:00:00","11/01/24 00:00:00","11/01/23 00:00:00","YO",,0,0,0,,,2,3,4,"Freedom Aquatic and Fitness Center",0,0,0,0,0,0,0,,0,0,0,,,0,0,0,0,,"01/02/25 00:00:00",,0,0,0,0,0,0,0,0,"10900 University Boulevard",,"Manassas","VA","20110","USA",3,,,0,"01/02/25 00:00:00",,,1,0,0,,,,,,,,,0,0,0,0,0,,0,,1,,,,,,
489,"Seton Winter Invitational","01/11/25 00:00:00","01/11/25 00:00:00","11/01/24 00:00:00",,"YO",,0,0,0,,,2,3,4,"Freedom Aquatic and Fitness Center",0,0,0,0,0,0,0,,0,0,0,,,0,0,0,0,,"01/09/25 00:00:00",,0,0,0,0,0,0,0,0,"10900 University Boulevard",,"Manassas","VA","20110","USA",3,,,0,"01/09/25 00:00:00",,,1,0,0,,,,,,,,,0,0,0,0,0,,0,,1,,,,,,
493,"2025 NoVa Catholic Invitational Championship","01/18/25 00:00:00","01/18/25 00:00:00","11/01/24 00:00:00","11/01/23 00:00:00","YO",,0,0,0,,,2,3,4,"Freedom Aquatic and Fitness Center",0,0,0,0,0,0,0,,0,0,0,,,0,0,0,0,,"01/16/25 00:00:00",,0,0,0,0,0,0,0,0,"9100 Freedom Center Blvd",,"Manassas","VA","20110","USA",3,,,0,"01/17/25 00:00:00",,,1,0,0,,,,,,,,,0,0,0,0,0,,0,,1,,,,,,
494,"VISAA Junior Varsity Invitational","01/25/25 00:00:00","01/25/25 00:00:00","11/01/25 00:00:00",,"YO",,0,0,0,,,3,4,5,"Freedom Aquatic and Fitness Center",0,0,0,0,0,0,0,,0,0,0,,,0,0,0,0,,"01/23/25 00:00:00",,0,0,0,0,0,0,0,0,"10900 University Boulevard",,"Manassas","VA","20110","USA",3,,,0,"01/23/25 00:00:00",,,1,0,0,,,,,,,,,0,0,0,0,0,,0,,1,,,,,,
495,"2025 Annual VISAA Division II Invitational","02/01/25 00:00:00","02/01/25 00:00:00","11/01/24 00:00:00","11/01/20 00:00:00","YO",,0,0,0,,,2,3,4,"Freedom Aquatic and Fitness Center",0,0,0,0,0,0,0,,0,0,0,,,0,0,0,0,,"01/30/25 00:00:00",,0,0,0,0,0,0,0,0,"9100 Freedom Center Blvd",,"Manassas","VA","20110","USA",3,,,0,"01/28/25 00:00:00",,,1,0,0,,,,,,,,,0,0,0,0,0,,0,,1,,,,,,
496,"2025 VCAC Championship Meet","02/08/25 00:00:00","02/08/25 00:00:00","11/01/24 00:00:00","11/01/20 00:00:00","YO",,0,0,0,,,2,3,4,"Freedom Aquatics and Fitness Center",0,0,0,0,0,0,0,,0,0,0,,,0,0,0,0,,"02/06/25 00:00:00",,0,0,0,0,0,0,0,0,"9100 Freedom Center Blvd",,"Manassas","VA","20110","USA",3,,,0,"02/05/25 00:00:00",,,1,0,0,,,,,,,,,0,0,0,0,0,,0,,1,,,,,,
497,"National Catholic H.S. Championship 2025","01/11/25 00:00:00","01/12/25 00:00:00","01/11/25 00:00:00","11/01/23 00:00:00","YL",,30,30,7.5,,,2,3,4,"Mangione Aquatic Center",0,0,0,0,0,0,0,,0,0,0,,,0,0,0,0,,"01/06/25 00:00:00",,0,30,30,7.5,0,0,0,0,"4900 N. Charles Street",,"Baltimore","MD","21210","USA",3,,,0,"01/06/25 00:00:00",,,1,0,0,,,,,,,,,0,0,0,0,0,,0,,1,,,,,,
498,"2025 VISAA Swimming & Diving Championship","02/13/25 00:00:00","02/15/25 00:00:00",,"11/01/24 00:00:00","YL",,0,0,0,,,,,,"Jeff Rouse Swim & Sport",0,0,0,0,0,0,0,,0,0,0,,,0,0,0,0,,"02/09/25 00:00:00",,0,0,0,0,0,0,0,0,"1600 Mine Road",,"Stafford","VA","22554","USA",3,,,0,"02/09/25 00:00:00",,,1,0,0,,,,,,,,,0,0,0,0,0,,0,,1,,,,,,
499,"Trinity Meet 12-06-24","12/06/24 00:00:00","12/06/24 00:00:00","12/06/24 00:00:00",,"Y",,,,,,,,,,"SwimRVA",0,,0,0,,,,,0,0,0,,,0,0,0,,,,,0,,,,,,,0,,,,,,,3,,,0,,,,0,0,,,,,,,,,,0,0,0,,0,,0,,,,,,,,
500,"NoVA Catholic High School Times","01/08/25 00:00:00","01/08/25 00:00:00",,,"Y",,0,0,0,,,,,,"NoVA Catholic High Schools",0,0,0,0,0,0,0,,0,0,0,,,0,0,0,0,,"01/08/25 00:00:00",,0,0,0,0,0,0,0,0,,,"Alexandria","VA","22306","USA",3,,,0,,,,1,0,0,,,,,,,,,0,0,0,0,0,,0,,,,,,,,
502,"Relay Carnival","01/23/25 00:00:00","01/23/25 00:00:00","01/17/25 00:00:00",,"Y",,0,0,0,,,1,3,4,"Dulles South",0,0,0,0,0,0,0,,0,0,0,,,0,0,0,0,,"01/21/25 00:00:00",,0,0,0,0,0,0,0,0,,,"South Riding","VA","20152","USA",3,,,0,"01/23/25 00:00:00",,,1,0,0,,,,,,,,,0,0,0,0,0,,0,,1,,,,,,
503,"Summer Swimming 2025","07/21/25 00:00:00","07/21/25 00:00:00",,,"S",,0,0,0,,,,,,"Fauquer Swim Club and Sudley Swim Club",0,0,0,0,0,0,0,,0,0,0,,,0,0,0,0,,"07/21/25 00:00:00",,0,0,0,0,0,0,0,0,,,"Warrentoin","VA","20186","USA",3,,,0,,,,1,0,0,,,,,,,,,0,0,0,0,0,,0,,,,,,,,
504,"Summer Swimming 2023","07/22/23 00:00:00","07/22/23 00:00:00",,,"S",,0,0,0,,,,,,"Fauquier Swim Club",0,0,0,0,0,0,0,,0,0,0,,,0,0,0,0,,"07/22/23 00:00:00",,0,0,0,0,0,0,0,0,,,"Warrenton","VA","20186","USA",3,,,0,,,,1,0,0,,,,,,,,,0,0,0,0,0,,0,,,,,,,,
505,"Seton Time Trials 2025","11/14/25 00:00:00","11/14/25 00:00:00","11/01/25 00:00:00",,"YO",,0,0,0,,,0,0,0,"Freedom Aquatics and Fitness Center",0,0,0,0,0,0,0,,0,0,0,,,0,0,0,0,,"11/14/25 00:00:00",,0,0,0,0,0,0,0,0,"10900 University Blvd",,"Manassas","VA","20110","USA",3,,,0,"11/12/25 00:00:00",,,1,0,0,,,,,,,,,0,0,0,0,0,,0,,1,,,,,,
506,"Seton Icebreaker Invitational","12/06/25 00:00:00","12/06/25 00:00:00","11/01/25 00:00:00",,"YO",,0,0,0,,,2,3,4,"Freedom Aquatic and Fitness Center",0,0,0,0,0,0,0,,0,0,0,,,0,0,0,0,,"12/04/25 00:00:00",,0,0,0,0,0,0,0,0,"10900 University Boulevard",,"Manassas","VA","20110","USA",3,,,0,"12/04/25 00:00:00",,,1,0,0,,,,,,,,,0,0,0,0,0,,0,,1,,,,,,
509,"Seton December Invitational","12/13/25 00:00:00","12/13/25 00:00:00","11/01/25 00:00:00",,"YO",,0,0,0,,,2,3,4,"Freedom Aquatic and Fitness Center",0,0,0,0,0,0,0,,0,0,0,,,0,0,0,0,,"12/11/25 00:00:00",,0,0,0,0,0,0,0,0,"10900 University Boulevard",,"Manassas","VA","20110","USA",3,,,0,"12/11/25 00:00:00",,,1,0,0,,,,,,,,,0,0,0,0,0,,0,,1,,,,,,
510,"Seton Homecoming Invitational","12/20/25 00:00:00","12/20/25 00:00:00","11/01/25 00:00:00",,"YO",,0,0,0,,,2,3,4,"Freedom Aquatic and Fitness Center",0,0,0,0,0,0,0,,0,0,0,,,0,0,0,0,,"12/18/25 00:00:00",,0,0,0,0,0,0,0,0,"10900 University Boulevard",,"Manassas","VA","20110","USA",3,,,0,"12/19/25 00:00:00",,,1,0,0,,,,,,,,,0,0,0,0,0,,0,,1,,,,,,
511,"1st Day of Practice 2025","11/04/25 00:00:00","11/04/25 00:00:00",,,"Y",,0,0,0,,,,,,"Freedom Aquatic and Fitness Center",0,0,0,0,0,0,0,,0,0,0,,,0,0,0,0,,"11/04/25 00:00:00",,0,0,0,0,0,0,0,0,,,"Manassas","VA","20110","USA",3,,,0,,,,1,0,0,,,,,,,,,0,0,0,0,0,,0,,,,,,,,
512,"VCAC Regular Season Championship","01/03/26 00:00:00","01/03/26 00:00:00","11/01/24 00:00:00","12/02/23 00:00:00","YO",,0,0,0,,,2,3,4,"Freedom Aquatic and Fitness Center",0,0,0,0,0,0,0,,0,0,0,,,0,0,0,0,,"01/01/26 00:00:00",,0,0,0,0,0,0,0,0,"10900 University Boulevard",,"Manassas","VA","20110","USA",3,,,0,"01/01/26 00:00:00",,,1,0,0,,,,,,,,,0,0,0,0,0,,0,,1,,,,,,
513,"2026 NoVa Catholic Invitational Championship","01/10/26 00:00:00","01/10/26 00:00:00","11/01/25 00:00:00","11/01/23 00:00:00","YO",,0,0,0,,,2,3,4,"Freedom Aquatic and Fitness Center",0,0,0,0,0,0,0,,0,0,0,,,0,0,0,0,,"01/08/26 00:00:00",,0,0,0,0,0,0,0,0,"9100 Freedom Center Blvd",,"Manassas","VA","20110","USA",3,,,0,"01/08/26 00:00:00",,,1,0,0,,,,,,,,,0,0,0,0,0,,0,,1,,,,,,
514,"Seton Winter Invitational","01/17/26 00:00:00","01/17/26 00:00:00","11/01/25 00:00:00",,"YO",,0,0,0,,,2,3,4,"Freedom Aquatic and Fitness Center",0,0,0,0,0,0,0,,0,0,0,,,0,0,0,0,,"01/15/26 00:00:00",,0,0,0,0,0,0,0,0,"10900 University Boulevard",,"Manassas","VA","20110","USA",3,,,0,"01/15/26 00:00:00",,,1,0,0,,,,,,,,,0,0,0,0,0,,0,,1,,,,,,
515,"VISAA Junior Varsity Invitational","01/24/26 00:00:00","01/24/26 00:00:00","11/01/25 00:00:00",,"YO",,0,0,0,,,3,4,5,"Freedom Aquatic and Fitness Center",0,0,0,0,0,0,0,,0,0,0,,,0,0,0,0,,"01/22/26 00:00:00",,0,0,0,0,0,0,0,0,"10900 University Boulevard",,"Manassas","VA","20110","USA",3,,,0,,,,1,0,0,,,,,,,,,0,0,0,0,0,,0,,,,,,,,
516,"2026 Annual VISAA Division II Invitational","01/31/26 00:00:00","01/31/26 00:00:00","11/01/25 00:00:00","11/01/20 00:00:00","YO",,0,0,0,,,2,3,4,"Freedom Aquatic and Fitness Center",0,0,0,0,0,0,0,,0,0,0,,,0,0,0,0,,"01/29/26 00:00:00",,0,0,0,0,0,0,0,0,"9100 Freedom Center Blvd",,"Manassas","VA","20110","USA",3,,,0,,,,1,0,0,,,,,,,,,0,0,0,0,0,,0,,,,,,,,
517,"2026 VCAC Championship Meet","02/07/26 00:00:00","02/07/26 00:00:00","11/01/25 00:00:00","11/01/20 00:00:00","YO",,0,0,0,,,2,3,4,"Freedom Aquatics and Fitness Center",0,0,0,0,0,0,0,,0,0,0,,,0,0,0,0,,"02/05/26 00:00:00",,0,0,0,0,0,0,0,0,"9100 Freedom Center Blvd",,"Manassas","VA","20110","USA",3,,,0,,,,1,0,0,,,,,,,,,0,0,0,0,0,,0,,,,,,,,
518,"National Catholic H.S. Championship 2026","01/17/26 00:00:00","01/18/26 00:00:00",,"11/01/24 00:00:00","YL",,0,0,0,,,,,,"Mangione Aquatic Center",0,0,0,0,0,0,0,,0,0,0,,,0,0,0,0,,"01/17/26 00:00:00",,0,0,0,0,0,0,0,0,"4900 N. Charles Street",,"Baltimore","MD","21210","USA",3,,,0,"01/12/26 00:00:00",,,1,0,0,,,,,,,,,0,0,0,0,0,,0,,1,,,,,,
519,"2026 VISAA Swimming & Diving Championship","02/12/26 00:00:00","02/15/26 00:00:00",,"11/01/25 00:00:00","YL",,0,0,0,,,,,,"Collegiate Aquatic Center",0,0,0,0,0,0,0,,0,0,0,,,0,0,0,0,,"02/12/26 00:00:00",,0,0,0,0,0,0,0,0,,,"Richmond","VA","22222","USA",3,,,0,,,,1,0,0,,,,,,,,,0,0,0,0,0,,0,,,,,,,,
520,"USA Times-'25-'26 Season","10/31/23 00:00:00","10/31/23 00:00:00",,,"YO",,0,0,0,,,,,,"Northern VA",0,0,0,0,0,0,0,,0,0,0,,,0,0,0,0,,"10/31/23 00:00:00",,0,0,0,0,0,0,0,0,,,"Fairfax","VA","22222","USA",3,,,0,,,,1,0,0,,,,,,,,,0,0,0,0,0,,0,,,,,,,,
